Name,Tier,Size,Family,Series,vCPUs,MemoryGB,Generation,Architecture
Standard_A1_v2,Standard,A1_v2,EntryLevel,Av2,1,2,2,Intel
Standard_B1ls,Standard,B1ls,Burstable,BS,1,0.5,1,Intel
Standard_B1ms,Standard,B1ms,Burstable,BS,1,2,1,Intel
Standard_B1s,Standard,B1s,Burstable,BS,1,1,1,Intel
Standard_DC1ds_v3,Standard,DC1ds_v3,GeneralPurpose,DDCSv3,1,8,3,Intel
Standard_DC1s_v2,Standard,DC1s_v2,GeneralPurposeConfidential,DCSv2,1,4,2,Intel
Standard_DC1s_v3,Standard,DC1s_v3,GeneralPurposeConfidential,DCSv3,1,8,3,Intel
Standard_DS1,Standard,DS1,GeneralPurpose,DS,1,3.5,1,Intel
Standard_DS1_v2,Standard,DS1_v2,GeneralPurpose,DSv2,1,3.5,2,Intel
Standard_F1,Standard,F1,ComputeOptimized,F,1,2,1,Intel
Standard_F1ads_v7,Standard,F1ads_v7,ComputeOptimized,Fadsv7,1,4,7,AMD
Standard_F1alds_v7,Standard,F1alds_v7,ComputeOptimized,Faldsv7,1,2,7,AMD
Standard_F1als_v7,Standard,F1als_v7,ComputeOptimized,Falsv7,1,2,7,AMD
Standard_F1amds_v7,Standard,F1amds_v7,ComputeOptimized,Famdsv7,1,8,7,AMD
Standard_F1ams_v7,Standard,F1ams_v7,ComputeOptimized,Famsv7,1,8,7,AMD
Standard_F1as_v7,Standard,F1as_v7,ComputeOptimized,Fasv7,1,4,7,AMD
Standard_F1s,Standard,F1s,ComputeOptimized,FS,1,2,1,Intel
Standard_G1,Standard,G1,MemoryStorageOptimized,G,2,28,1,Intel
Standard_GS1,Standard,GS1,MemoryStorageOptimized,GS,2,28,1,Intel
Standard_A2m_v2,Standard,A2m_v2,EntryLevel,Av2,2,16,2,Intel
Standard_A2_v2,Standard,A2_v2,EntryLevel,Av2,2,4,2,Intel
Standard_B2als_v2,Standard,B2als_v2,Burstable,Basv2,2,4,2,AMD
Standard_B2as_v2,Standard,B2as_v2,Burstable,Basv2,2,8,2,AMD
Standard_B2ats_v2,Standard,B2ats_v2,Burstable,Basv2,2,1,2,AMD
Standard_B2ls_v2,Standard,B2ls_v2,Burstable,Bsv2,2,4,2,Intel
Standard_B2ms,Standard,B2ms,Burstable,BS,2,8,1,Intel
Standard_B2pls_v2,Standard,B2pls_v2,Burstable,Bpsv2,2,4,2,ARM
Standard_B2ps_v2,Standard,B2ps_v2,Burstable,Bpsv2,2,8,2,ARM
Standard_B2pts_v2,Standard,B2pts_v2,Burstable,Bpsv2,2,1,2,ARM
Standard_B2s,Standard,B2s,Burstable,BS,2,4,1,Intel
Standard_B2s_v2,Standard,B2s_v2,Burstable,Bsv2,2,8,2,Intel
Standard_B2ts_v2,Standard,B2ts_v2,Burstable,Bsv2,2,1,2,Intel
Standard_D2ads_v5,Standard,D2ads_v5,GeneralPurpose,DADSv5,2,8,5,AMD
Standard_D2ads_v6,Standard,D2ads_v6,GeneralPurpose,Dadv6,2,8,6,AMD
Standard_D2ads_v7,Standard,D2ads_v7,GeneralPurpose,Dadsv7,2,8,7,AMD
Standard_D2alds_v6,Standard,D2alds_v6,GeneralPurpose,Daldv6,2,4,6,AMD
Standard_D2alds_v7,Standard,D2alds_v7,GeneralPurpose,Daldsv7,2,4,7,AMD
Standard_D2als_v6,Standard,D2als_v6,GeneralPurpose,Dalv6,2,4,6,AMD
Standard_D2als_v7,Standard,D2als_v7,GeneralPurpose,Dalsv7,2,4,7,AMD
Standard_D2as_v4,Standard,D2as_v4,GeneralPurpose,DASv4,2,8,4,AMD
Standard_D2as_v5,Standard,D2as_v5,GeneralPurpose,DASv5,2,8,5,AMD
Standard_D2as_v6,Standard,D2as_v6,GeneralPurpose,Dav6,2,8,6,AMD
Standard_D2as_v7,Standard,D2as_v7,GeneralPurpose,Dasv7,2,8,7,AMD
Standard_D2a_v4,Standard,D2a_v4,GeneralPurpose,DAv4,2,8,4,AMD
Standard_D2ds_v4,Standard,D2ds_v4,GeneralPurpose,DDSv4,2,8,4,Intel
Standard_D2ds_v5,Standard,D2ds_v5,GeneralPurpose,DDSv5,2,8,5,Intel
Standard_D2ds_v6,Standard,D2ds_v6,GeneralPurpose,Ddsv6,2,8,6,Intel
Standard_D2ds_v7,Standard,D2ds_v7,GeneralPurpose,Ddsv7,2,8,7,Intel
Standard_D2d_v4,Standard,D2d_v4,GeneralPurpose,DDv4,2,8,4,Intel
Standard_D2d_v5,Standard,D2d_v5,GeneralPurpose,DDv5,2,8,5,Intel
Standard_D2lds_v5,Standard,D2lds_v5,GeneralPurpose,DLDSv5,2,4,5,Intel
Standard_D2lds_v6,Standard,D2lds_v6,GeneralPurpose,Dldsv6,2,4,6,Intel
Standard_D2lds_v7,Standard,D2lds_v7,GeneralPurpose,Dldsv7,2,4,7,Intel
Standard_D2ls_v5,Standard,D2ls_v5,GeneralPurpose,DLSv5,2,4,5,Intel
Standard_D2ls_v6,Standard,D2ls_v6,GeneralPurpose,Dlsv6,2,4,6,Intel
Standard_D2ls_v7,Standard,D2ls_v7,GeneralPurpose,Dlsv7,2,4,7,Intel
Standard_D2pds_v5,Standard,D2pds_v5,GeneralPurpose,DPDSv5,2,8,5,ARM
Standard_D2pds_v6,Standard,D2pds_v6,GeneralPurpose,Dpdsv6,2,8,6,ARM
Standard_D2plds_v5,Standard,D2plds_v5,GeneralPurpose,DPLDSv5,2,4,5,ARM
Standard_D2plds_v6,Standard,D2plds_v6,GeneralPurpose,Dpldsv6,2,4,6,ARM
Standard_D2pls_v5,Standard,D2pls_v5,GeneralPurpose,DPLSv5,2,4,5,ARM
Standard_D2pls_v6,Standard,D2pls_v6,GeneralPurpose,Dplsv6,2,4,6,ARM
Standard_D2ps_v5,Standard,D2ps_v5,GeneralPurpose,DPSv5,2,8,5,ARM
Standard_D2ps_v6,Standard,D2ps_v6,GeneralPurpose,Dpsv6,2,8,6,ARM
Standard_D2s_v3,Standard,D2s_v3,GeneralPurpose,DSv3,2,8,3,Intel
Standard_D2s_v4,Standard,D2s_v4,GeneralPurpose,DSv4,2,8,4,Intel
Standard_D2s_v5,Standard,D2s_v5,GeneralPurpose,DSv5,2,8,5,Intel
Standard_D2s_v6,Standard,D2s_v6,GeneralPurpose,Dsv6,2,8,6,Intel
Standard_D2s_v7,Standard,D2s_v7,GeneralPurpose,Dsv7,2,8,7,Intel
Standard_D2_v3,Standard,D2_v3,GeneralPurpose,Dv3,2,8,3,Intel
Standard_D2_v4,Standard,D2_v4,GeneralPurpose,Dv4,2,8,4,Intel
Standard_D2_v5,Standard,D2_v5,GeneralPurpose,Dv5,2,8,5,Intel
Standard_DC2ads_v5,Standard,DC2ads_v5,GeneralPurposeConfidential,DCADSv5,2,8,5,AMD
Standard_DC2ads_v6,Standard,DC2ads_v6,GeneralPurposeConfidential,DCadsv6,2,8,6,AMD
Standard_DC2as_v5,Standard,DC2as_v5,GeneralPurposeConfidential,DCASv5,2,8,5,AMD
Standard_DC2as_v6,Standard,DC2as_v6,GeneralPurposeConfidential,DCasv6,2,8,6,AMD
Standard_DC2ds_v3,Standard,DC2ds_v3,GeneralPurpose,DDCSv3,2,16,3,Intel
Standard_DC2s_v2,Standard,DC2s_v2,GeneralPurposeConfidential,DCSv2,2,8,2,Intel
Standard_DC2s_v3,Standard,DC2s_v3,GeneralPurposeConfidential,DCSv3,2,16,3,Intel
Standard_DS2,Standard,DS2,GeneralPurpose,DS,2,7,1,Intel
Standard_DS2_v2,Standard,DS2_v2,GeneralPurpose,DSv2,2,7,2,Intel
Standard_E2ads_v5,Standard,E2ads_v5,MemoryOptimized,EADSv5,2,16,5,AMD
Standard_E2ads_v6,Standard,E2ads_v6,MemoryOptimized,Eadv6,2,16,6,AMD
Standard_E2ads_v7,Standard,E2ads_v7,MemoryOptimized,Eadsv7,2,16,7,AMD
Standard_E2as_v4,Standard,E2as_v4,MemoryOptimized,EASv4,2,16,4,AMD
Standard_E2as_v5,Standard,E2as_v5,MemoryOptimized,EASv5,2,16,5,AMD
Standard_E2as_v6,Standard,E2as_v6,MemoryOptimized,Eav6,2,16,6,AMD
Standard_E2as_v7,Standard,E2as_v7,MemoryOptimized,Easv7,2,16,7,AMD
Standard_E2a_v4,Standard,E2a_v4,MemoryOptimized,EAv4,2,16,4,AMD
Standard_E2bds_v5,Standard,E2bds_v5,MemoryOptimized,EBDSv5,2,16,5,Intel
Standard_E2bs_v5,Standard,E2bs_v5,MemoryOptimized,EBSv5,2,16,5,Intel
Standard_E2ds_v4,Standard,E2ds_v4,MemoryOptimized,EDSv4,2,16,4,Intel
Standard_E2ds_v5,Standard,E2ds_v5,MemoryOptimized,EDSv5,2,16,5,Intel
Standard_E2ds_v6,Standard,E2ds_v6,MemoryOptimized,Edsv6,2,16,6,Intel
Standard_E2ds_v7,Standard,E2ds_v7,MemoryOptimized,Edsv7,2,16,7,Intel
Standard_E2d_v4,Standard,E2d_v4,MemoryOptimized,EDv4,2,16,4,Intel
Standard_E2d_v5,Standard,E2d_v5,MemoryOptimized,EDv5,2,16,5,Intel
Standard_E2pds_v5,Standard,E2pds_v5,MemoryOptimized,EPDSv5,2,16,5,ARM
Standard_E2pds_v6,Standard,E2pds_v6,MemoryOptimized,Epdsv6,2,16,6,ARM
Standard_E2ps_v5,Standard,E2ps_v5,MemoryOptimized,EPSv5,2,16,5,ARM
Standard_E2ps_v6,Standard,E2ps_v6,MemoryOptimized,Epsv6,2,16,6,ARM
Standard_E2s_v3,Standard,E2s_v3,MemoryOptimized,ESv3,2,16,3,Intel
Standard_E2s_v4,Standard,E2s_v4,MemoryOptimized,ESv4,2,16,4,Intel
Standard_E2s_v5,Standard,E2s_v5,MemoryOptimized,ESv5,2,16,5,Intel
Standard_E2s_v6,Standard,E2s_v6,MemoryOptimized,Esv6,2,16,6,Intel
Standard_E2s_v7,Standard,E2s_v7,MemoryOptimized,Esv7,2,16,7,Intel
Standard_E2_v3,Standard,E2_v3,MemoryOptimized,Ev3,2,16,3,Intel
Standard_E2_v4,Standard,E2_v4,MemoryOptimized,Ev4,2,16,4,Intel
Standard_E2_v5,Standard,E2_v5,MemoryOptimized,Ev5,2,16,5,Intel
Standard_EC2ads_v5,Standard,EC2ads_v5,MemoryOptimizedConfidential,ECADSv5,2,16,5,AMD
Standard_EC2ads_v6,Standard,EC2ads_v6,MemoryOptimizedConfidential,ECadsv6,2,16,6,AMD
Standard_EC2as_v5,Standard,EC2as_v5,MemoryOptimizedConfidential,ECASv5,2,16,5,AMD
Standard_EC2as_v6,Standard,EC2as_v6,MemoryOptimizedConfidential,ECasv6,2,16,6,AMD
Standard_F2,Standard,F2,ComputeOptimized,F,2,4,1,Intel
Standard_F2-1amds_v7,Standard,F2-1amds_v7,ComputeOptimized,Famdsv7,2,16,7,AMD
Standard_F2-1ams_v7,Standard,F2-1ams_v7,ComputeOptimized,Famsv7,2,16,7,AMD
Standard_F2ads_v7,Standard,F2ads_v7,ComputeOptimized,Fadsv7,2,8,7,AMD
Standard_F2alds_v7,Standard,F2alds_v7,ComputeOptimized,Faldsv7,2,4,7,AMD
Standard_F2als_v6,Standard,F2als_v6,ComputeOptimized,Falsv6,2,4,6,AMD
Standard_F2als_v7,Standard,F2als_v7,ComputeOptimized,Falsv7,2,4,7,AMD
Standard_F2amds_v7,Standard,F2amds_v7,ComputeOptimized,Famdsv7,2,16,7,AMD
Standard_F2ams_v6,Standard,F2ams_v6,ComputeOptimized,Famsv6,2,16,6,AMD
Standard_F2ams_v7,Standard,F2ams_v7,ComputeOptimized,Famsv7,2,16,7,AMD
Standard_F2as_v6,Standard,F2as_v6,ComputeOptimized,Fasv6,2,8,6,AMD
Standard_F2as_v7,Standard,F2as_v7,ComputeOptimized,Fasv7,2,8,7,AMD
Standard_F2s,Standard,F2s,ComputeOptimized,FS,2,4,1,Intel
Standard_F2s_v2,Standard,F2s_v2,ComputeOptimized,FSv2,2,4,2,Intel
Standard_FX2mds_v2,Standard,FX2mds_v2,ComputeOptimized,FXmdsv2,2,42,2,Intel
Standard_FX2ms_v2,Standard,FX2ms_v2,ComputeOptimized,FXmsv2,2,42,2,Intel
Standard_G2,Standard,G2,MemoryStorageOptimized,G,4,56,1,Intel
Standard_GS2,Standard,GS2,MemoryStorageOptimized,GS,4,56,1,Intel
Standard_L2aos_v4,Standard,L2aos_v4,StorageOptimized,Laosv4,2,16,4,AMD
Standard_L2as_v4,Standard,L2as_v4,StorageOptimized,Lasv4,2,16,4,AMD
Standard_L2s_v4,Standard,L2s_v4,StorageOptimized,Lsv4,2,16,4,Intel
Standard_DS3,Standard,DS3,GeneralPurpose,DS,4,14,1,Intel
Standard_DS3_v2,Standard,DS3_v2,GeneralPurpose,DSv2,4,14,2,Intel
Standard_A4m_v2,Standard,A4m_v2,EntryLevel,Av2,4,32,2,Intel
Standard_A4_v2,Standard,A4_v2,EntryLevel,Av2,4,8,2,Intel
Standard_B4als_v2,Standard,B4als_v2,Burstable,Basv2,4,8,2,AMD
Standard_B4as_v2,Standard,B4as_v2,Burstable,Basv2,4,16,2,AMD
Standard_B4ls_v2,Standard,B4ls_v2,Burstable,Bsv2,4,8,2,Intel
Standard_B4ms,Standard,B4ms,Burstable,BS,4,16,1,Intel
Standard_B4pls_v2,Standard,B4pls_v2,Burstable,Bpsv2,4,8,2,ARM
Standard_B4ps_v2,Standard,B4ps_v2,Burstable,Bpsv2,4,16,2,ARM
Standard_B4s_v2,Standard,B4s_v2,Burstable,Bsv2,4,16,2,Intel
Standard_D4ads_v5,Standard,D4ads_v5,GeneralPurpose,DADSv5,4,16,5,AMD
Standard_D4ads_v6,Standard,D4ads_v6,GeneralPurpose,Dadv6,4,16,6,AMD
Standard_D4ads_v7,Standard,D4ads_v7,GeneralPurpose,Dadsv7,4,16,7,AMD
Standard_D4alds_v6,Standard,D4alds_v6,GeneralPurpose,Daldv6,4,8,6,AMD
Standard_D4alds_v7,Standard,D4alds_v7,GeneralPurpose,Daldsv7,4,8,7,AMD
Standard_D4als_v6,Standard,D4als_v6,GeneralPurpose,Dalv6,4,8,6,AMD
Standard_D4als_v7,Standard,D4als_v7,GeneralPurpose,Dalsv7,4,8,7,AMD
Standard_D4as_v4,Standard,D4as_v4,GeneralPurpose,DASv4,4,16,4,AMD
Standard_D4as_v5,Standard,D4as_v5,GeneralPurpose,DASv5,4,16,5,AMD
Standard_D4as_v6,Standard,D4as_v6,GeneralPurpose,Dav6,4,16,6,AMD
Standard_D4as_v7,Standard,D4as_v7,GeneralPurpose,Dasv7,4,16,7,AMD
Standard_D4a_v4,Standard,D4a_v4,GeneralPurpose,DAv4,4,16,4,AMD
Standard_D4ds_v4,Standard,D4ds_v4,GeneralPurpose,DDSv4,4,16,4,Intel
Standard_D4ds_v5,Standard,D4ds_v5,GeneralPurpose,DDSv5,4,16,5,Intel
Standard_D4ds_v6,Standard,D4ds_v6,GeneralPurpose,Ddsv6,4,16,6,Intel
Standard_D4ds_v7,Standard,D4ds_v7,GeneralPurpose,Ddsv7,4,16,7,Intel
Standard_D4d_v4,Standard,D4d_v4,GeneralPurpose,DDv4,4,16,4,Intel
Standard_D4d_v5,Standard,D4d_v5,GeneralPurpose,DDv5,4,16,5,Intel
Standard_D4lds_v5,Standard,D4lds_v5,GeneralPurpose,DLDSv5,4,8,5,Intel
Standard_D4lds_v6,Standard,D4lds_v6,GeneralPurpose,Dldsv6,4,8,6,Intel
Standard_D4lds_v7,Standard,D4lds_v7,GeneralPurpose,Dldsv7,4,8,7,Intel
Standard_D4ls_v5,Standard,D4ls_v5,GeneralPurpose,DLSv5,4,8,5,Intel
Standard_D4ls_v6,Standard,D4ls_v6,GeneralPurpose,Dlsv6,4,8,6,Intel
Standard_D4ls_v7,Standard,D4ls_v7,GeneralPurpose,Dlsv7,4,8,7,Intel
Standard_D4pds_v5,Standard,D4pds_v5,GeneralPurpose,DPDSv5,4,16,5,ARM
Standard_D4pds_v6,Standard,D4pds_v6,GeneralPurpose,Dpdsv6,4,16,6,ARM
Standard_D4plds_v5,Standard,D4plds_v5,GeneralPurpose,DPLDSv5,4,8,5,ARM
Standard_D4plds_v6,Standard,D4plds_v6,GeneralPurpose,Dpldsv6,4,8,6,ARM
Standard_D4pls_v5,Standard,D4pls_v5,GeneralPurpose,DPLSv5,4,8,5,ARM
Standard_D4pls_v6,Standard,D4pls_v6,GeneralPurpose,Dplsv6,4,8,6,ARM
Standard_D4ps_v5,Standard,D4ps_v5,GeneralPurpose,DPSv5,4,16,5,ARM
Standard_D4ps_v6,Standard,D4ps_v6,GeneralPurpose,Dpsv6,4,16,6,ARM
Standard_D4s_v3,Standard,D4s_v3,GeneralPurpose,DSv3,4,16,3,Intel
Standard_D4s_v4,Standard,D4s_v4,GeneralPurpose,DSv4,4,16,4,Intel
Standard_D4s_v5,Standard,D4s_v5,GeneralPurpose,DSv5,4,16,5,Intel
Standard_D4s_v6,Standard,D4s_v6,GeneralPurpose,Dsv6,4,16,6,Intel
Standard_D4s_v7,Standard,D4s_v7,GeneralPurpose,Dsv7,4,16,7,Intel
Standard_D4_v3,Standard,D4_v3,GeneralPurpose,Dv3,4,16,3,Intel
Standard_D4_v4,Standard,D4_v4,GeneralPurpose,Dv4,4,16,4,Intel
Standard_D4_v5,Standard,D4_v5,GeneralPurpose,Dv5,4,16,5,Intel
Standard_DC4ads_cc_v5,Standard,DC4ads_cc_v5,GeneralPurposeConfidential,DCADCCV5,4,16,5,AMD
Standard_DC4ads_v5,Standard,DC4ads_v5,GeneralPurposeConfidential,DCADSv5,4,16,5,AMD
Standard_DC4ads_v6,Standard,DC4ads_v6,GeneralPurposeConfidential,DCadsv6,4,16,6,AMD
Standard_DC4as_cc_v5,Standard,DC4as_cc_v5,GeneralPurposeConfidential,DCACCV5,4,16,5,AMD
Standard_DC4as_v5,Standard,DC4as_v5,GeneralPurposeConfidential,DCASv5,4,16,5,AMD
Standard_DC4as_v6,Standard,DC4as_v6,GeneralPurposeConfidential,DCasv6,4,16,6,AMD
Standard_DC4ds_v3,Standard,DC4ds_v3,GeneralPurpose,DDCSv3,4,32,3,Intel
Standard_DC4s_v2,Standard,DC4s_v2,GeneralPurposeConfidential,DCSv2,4,16,2,Intel
Standard_DC4s_v3,Standard,DC4s_v3,GeneralPurposeConfidential,DCSv3,4,32,3,Intel
Standard_DS4,Standard,DS4,GeneralPurpose,DS,8,28,1,Intel
Standard_DS4_v2,Standard,DS4_v2,GeneralPurpose,DSv2,8,28,2,Intel
Standard_E4-2ads_v5,Standard,E4-2ads_v5,MemoryOptimized,EADSv5,4,32,5,AMD
Standard_E4-2ads_v7,Standard,E4-2ads_v7,MemoryOptimized,Eadsv7,4,32,7,AMD
Standard_E4-2as_v4,Standard,E4-2as_v4,MemoryOptimized,EASv4,4,32,4,AMD
Standard_E4-2as_v5,Standard,E4-2as_v5,MemoryOptimized,EASv5,4,32,5,AMD
Standard_E4-2as_v7,Standard,E4-2as_v7,MemoryOptimized,Easv7,4,32,7,AMD
Standard_E4-2ds_v4,Standard,E4-2ds_v4,MemoryOptimized,EDSv4,4,32,4,Intel
Standard_E4-2ds_v5,Standard,E4-2ds_v5,MemoryOptimized,EDSv5,4,32,5,Intel
Standard_E4-2ds_v6,Standard,E4-2ds_v6,MemoryOptimized,Edsv6,4,32,6,Intel
Standard_E4-2s_v3,Standard,E4-2s_v3,MemoryOptimized,ESv3,4,32,3,Intel
Standard_E4-2s_v4,Standard,E4-2s_v4,MemoryOptimized,ESv4,4,32,4,Intel
Standard_E4-2s_v5,Standard,E4-2s_v5,MemoryOptimized,ESv5,4,32,5,Intel
Standard_E4-2s_v6,Standard,E4-2s_v6,MemoryOptimized,Esv6,4,32,6,Intel
Standard_E4ads_v5,Standard,E4ads_v5,MemoryOptimized,EADSv5,4,32,5,AMD
Standard_E4ads_v6,Standard,E4ads_v6,MemoryOptimized,Eadv6,4,32,6,AMD
Standard_E4ads_v7,Standard,E4ads_v7,MemoryOptimized,Eadsv7,4,32,7,AMD
Standard_E4as_v4,Standard,E4as_v4,MemoryOptimized,EASv4,4,32,4,AMD
Standard_E4as_v5,Standard,E4as_v5,MemoryOptimized,EASv5,4,32,5,AMD
Standard_E4as_v6,Standard,E4as_v6,MemoryOptimized,Eav6,4,32,6,AMD
Standard_E4as_v7,Standard,E4as_v7,MemoryOptimized,Easv7,4,32,7,AMD
Standard_E4a_v4,Standard,E4a_v4,MemoryOptimized,EAv4,4,32,4,AMD
Standard_E4bds_v5,Standard,E4bds_v5,MemoryOptimized,EBDSv5,4,32,5,Intel
Standard_E4bs_v5,Standard,E4bs_v5,MemoryOptimized,EBSv5,4,32,5,Intel
Standard_E4ds_v4,Standard,E4ds_v4,MemoryOptimized,EDSv4,4,32,4,Intel
Standard_E4ds_v5,Standard,E4ds_v5,MemoryOptimized,EDSv5,4,32,5,Intel
Standard_E4ds_v6,Standard,E4ds_v6,MemoryOptimized,Edsv6,4,32,6,Intel
Standard_E4ds_v7,Standard,E4ds_v7,MemoryOptimized,Edsv7,4,32,7,Intel
Standard_E4d_v4,Standard,E4d_v4,MemoryOptimized,EDv4,4,32,4,Intel
Standard_E4d_v5,Standard,E4d_v5,MemoryOptimized,EDv5,4,32,5,Intel
Standard_E4pds_v5,Standard,E4pds_v5,MemoryOptimized,EPDSv5,4,32,5,ARM
Standard_E4pds_v6,Standard,E4pds_v6,MemoryOptimized,Epdsv6,4,32,6,ARM
Standard_E4ps_v5,Standard,E4ps_v5,MemoryOptimized,EPSv5,4,32,5,ARM
Standard_E4ps_v6,Standard,E4ps_v6,MemoryOptimized,Epsv6,4,32,6,ARM
Standard_E4s_v3,Standard,E4s_v3,MemoryOptimized,ESv3,4,32,3,Intel
Standard_E4s_v4,Standard,E4s_v4,MemoryOptimized,ESv4,4,32,4,Intel
Standard_E4s_v5,Standard,E4s_v5,MemoryOptimized,ESv5,4,32,5,Intel
Standard_E4s_v6,Standard,E4s_v6,MemoryOptimized,Esv6,4,32,6,Intel
Standard_E4s_v7,Standard,E4s_v7,MemoryOptimized,Esv7,4,32,7,Intel
Standard_E4_v3,Standard,E4_v3,MemoryOptimized,Ev3,4,32,3,Intel
Standard_E4_v4,Standard,E4_v4,MemoryOptimized,Ev4,4,32,4,Intel
Standard_E4_v5,Standard,E4_v5,MemoryOptimized,Ev5,4,32,5,Intel
Standard_EC4ads_cc_v5,Standard,EC4ads_cc_v5,MemoryOptimizedConfidential,ECADCCV5,4,32,5,AMD
Standard_EC4ads_v5,Standard,EC4ads_v5,MemoryOptimizedConfidential,ECADSv5,4,32,5,AMD
Standard_EC4ads_v6,Standard,EC4ads_v6,MemoryOptimizedConfidential,ECadsv6,4,32,6,AMD
Standard_EC4as_cc_v5,Standard,EC4as_cc_v5,MemoryOptimizedConfidential,ECACCV5,4,32,5,AMD
Standard_EC4as_v5,Standard,EC4as_v5,MemoryOptimizedConfidential,ECASv5,4,32,5,AMD
Standard_EC4as_v6,Standard,EC4as_v6,MemoryOptimizedConfidential,ECasv6,4,32,6,AMD
Standard_F4,Standard,F4,ComputeOptimized,F,4,8,1,Intel
Standard_F4-1amds_v7,Standard,F4-1amds_v7,ComputeOptimized,Famdsv7,4,32,7,AMD
Standard_F4-1ams_v7,Standard,F4-1ams_v7,ComputeOptimized,Famsv7,4,32,7,AMD
Standard_F4-2amds_v7,Standard,F4-2amds_v7,ComputeOptimized,Famdsv7,4,32,7,AMD
Standard_F4-2ams_v7,Standard,F4-2ams_v7,ComputeOptimized,Famsv7,4,32,7,AMD
Standard_F4ads_v7,Standard,F4ads_v7,ComputeOptimized,Fadsv7,4,16,7,AMD
Standard_F4alds_v7,Standard,F4alds_v7,ComputeOptimized,Faldsv7,4,8,7,AMD
Standard_F4als_v6,Standard,F4als_v6,ComputeOptimized,Falsv6,4,8,6,AMD
Standard_F4als_v7,Standard,F4als_v7,ComputeOptimized,Falsv7,4,8,7,AMD
Standard_F4amds_v7,Standard,F4amds_v7,ComputeOptimized,Famdsv7,4,32,7,AMD
Standard_F4ams_v6,Standard,F4ams_v6,ComputeOptimized,Famsv6,4,32,6,AMD
Standard_F4ams_v7,Standard,F4ams_v7,ComputeOptimized,Famsv7,4,32,7,AMD
Standard_F4as_v6,Standard,F4as_v6,ComputeOptimized,Fasv6,4,16,6,AMD
Standard_F4as_v7,Standard,F4as_v7,ComputeOptimized,Fasv7,4,16,7,AMD
Standard_F4s,Standard,F4s,ComputeOptimized,FS,4,8,1,Intel
Standard_F4s_v2,Standard,F4s_v2,ComputeOptimized,FSv2,4,8,2,Intel
Standard_FX4-2mds_v2,Standard,FX4-2mds_v2,ComputeOptimized,FXmdsv2,4,84,2,Intel
Standard_FX4-2ms_v2,Standard,FX4-2ms_v2,ComputeOptimized,FXmsv2,4,84,2,Intel
Standard_FX4mds,Standard,FX4mds,ComputeOptimized,FXMDVS,4,84,1,Intel
Standard_FX4mds_v2,Standard,FX4mds_v2,ComputeOptimized,FXmdsv2,4,84,2,Intel
Standard_FX4ms_v2,Standard,FX4ms_v2,ComputeOptimized,FXmsv2,4,84,2,Intel
Standard_L4aos_v4,Standard,L4aos_v4,StorageOptimized,Laosv4,4,32,4,AMD
Standard_L4as_v4,Standard,L4as_v4,StorageOptimized,Lasv4,4,32,4,AMD
Standard_L4s_v4,Standard,L4s_v4,StorageOptimized,Lsv4,4,32,4,Intel
Standard_NC4as_T4_v3,Standard,NC4as_T4_v3,GPU,NCasT4_v3,4,28,3,AMD
Standard_NV4ads_V710_v5,Standard,NV4ads_V710_v5,GPU,NVads V710 v5,4,16,5,AMD
Standard_NV4as_v4,Standard,NV4as_v4,GraphicsOptimized,NVv4,4,14,4,AMD
Standard_DS5_v2,Standard,DS5_v2,GeneralPurpose,DSv2,16,56,2,Intel
Standard_NC6s_v3,Standard,NC6s_v3,GPU,NCv3,6,112,3,Intel
Standard_NV6ads_A10_v5,Standard,NV6ads_A10_v5,GPU,NVadsA10 v5,6,55,5,AMD
Standard_PB6s,Standard,PB6s,FPGAInstances,PBS,6,112,1,Intel
Standard_A8m_v2,Standard,A8m_v2,EntryLevel,Av2,8,64,2,Intel
Standard_A8_v2,Standard,A8_v2,EntryLevel,Av2,8,16,2,Intel
Standard_B8als_v2,Standard,B8als_v2,Burstable,Basv2,8,16,2,AMD
Standard_B8as_v2,Standard,B8as_v2,Burstable,Basv2,8,32,2,AMD
Standard_B8ls_v2,Standard,B8ls_v2,Burstable,Bsv2,8,16,2,Intel
Standard_B8ms,Standard,B8ms,Burstable,BS,8,32,1,Intel
Standard_B8pls_v2,Standard,B8pls_v2,Burstable,Bpsv2,8,16,2,ARM
Standard_B8ps_v2,Standard,B8ps_v2,Burstable,Bpsv2,8,32,2,ARM
Standard_B8s_v2,Standard,B8s_v2,Burstable,Bsv2,8,32,2,Intel
Standard_D8ads_v5,Standard,D8ads_v5,GeneralPurpose,DADSv5,8,32,5,AMD
Standard_D8ads_v6,Standard,D8ads_v6,GeneralPurpose,Dadv6,8,32,6,AMD
Standard_D8ads_v7,Standard,D8ads_v7,GeneralPurpose,Dadsv7,8,32,7,AMD
Standard_D8alds_v6,Standard,D8alds_v6,GeneralPurpose,Daldv6,8,16,6,AMD
Standard_D8alds_v7,Standard,D8alds_v7,GeneralPurpose,Daldsv7,8,16,7,AMD
Standard_D8als_v6,Standard,D8als_v6,GeneralPurpose,Dalv6,8,16,6,AMD
Standard_D8als_v7,Standard,D8als_v7,GeneralPurpose,Dalsv7,8,16,7,AMD
Standard_D8as_v4,Standard,D8as_v4,GeneralPurpose,DASv4,8,32,4,AMD
Standard_D8as_v5,Standard,D8as_v5,GeneralPurpose,DASv5,8,32,5,AMD
Standard_D8as_v6,Standard,D8as_v6,GeneralPurpose,Dav6,8,32,6,AMD
Standard_D8as_v7,Standard,D8as_v7,GeneralPurpose,Dasv7,8,32,7,AMD
Standard_D8a_v4,Standard,D8a_v4,GeneralPurpose,DAv4,8,32,4,AMD
Standard_D8ds_v4,Standard,D8ds_v4,GeneralPurpose,DDSv4,8,32,4,Intel
Standard_D8ds_v5,Standard,D8ds_v5,GeneralPurpose,DDSv5,8,32,5,Intel
Standard_D8ds_v6,Standard,D8ds_v6,GeneralPurpose,Ddsv6,8,32,6,Intel
Standard_D8ds_v7,Standard,D8ds_v7,GeneralPurpose,Ddsv7,8,32,7,Intel
Standard_D8d_v4,Standard,D8d_v4,GeneralPurpose,DDv4,8,32,4,Intel
Standard_D8d_v5,Standard,D8d_v5,GeneralPurpose,DDv5,8,32,5,Intel
Standard_D8lds_v5,Standard,D8lds_v5,GeneralPurpose,DLDSv5,8,16,5,Intel
Standard_D8lds_v6,Standard,D8lds_v6,GeneralPurpose,Dldsv6,8,16,6,Intel
Standard_D8lds_v7,Standard,D8lds_v7,GeneralPurpose,Dldsv7,8,16,7,Intel
Standard_D8ls_v5,Standard,D8ls_v5,GeneralPurpose,DLSv5,8,16,5,Intel
Standard_D8ls_v6,Standard,D8ls_v6,GeneralPurpose,Dlsv6,8,16,6,Intel
Standard_D8ls_v7,Standard,D8ls_v7,GeneralPurpose,Dlsv7,8,16,7,Intel
Standard_D8pds_v5,Standard,D8pds_v5,GeneralPurpose,DPDSv5,8,32,5,ARM
Standard_D8pds_v6,Standard,D8pds_v6,GeneralPurpose,Dpdsv6,8,32,6,ARM
Standard_D8plds_v5,Standard,D8plds_v5,GeneralPurpose,DPLDSv5,8,16,5,ARM
Standard_D8plds_v6,Standard,D8plds_v6,GeneralPurpose,Dpldsv6,8,16,6,ARM
Standard_D8pls_v5,Standard,D8pls_v5,GeneralPurpose,DPLSv5,8,16,5,ARM
Standard_D8pls_v6,Standard,D8pls_v6,GeneralPurpose,Dplsv6,8,16,6,ARM
Standard_D8ps_v5,Standard,D8ps_v5,GeneralPurpose,DPSv5,8,32,5,ARM
Standard_D8ps_v6,Standard,D8ps_v6,GeneralPurpose,Dpsv6,8,32,6,ARM
Standard_D8s_v3,Standard,D8s_v3,GeneralPurpose,DSv3,8,32,3,Intel
Standard_D8s_v4,Standard,D8s_v4,GeneralPurpose,DSv4,8,32,4,Intel
Standard_D8s_v5,Standard,D8s_v5,GeneralPurpose,DSv5,8,32,5,Intel
Standard_D8s_v6,Standard,D8s_v6,GeneralPurpose,Dsv6,8,32,6,Intel
Standard_D8s_v7,Standard,D8s_v7,GeneralPurpose,Dsv7,8,32,7,Intel
Standard_D8_v3,Standard,D8_v3,GeneralPurpose,Dv3,8,32,3,Intel
Standard_D8_v4,Standard,D8_v4,GeneralPurpose,Dv4,8,32,4,Intel
Standard_D8_v5,Standard,D8_v5,GeneralPurpose,Dv5,8,32,5,Intel
Standard_DC8ads_cc_v5,Standard,DC8ads_cc_v5,GeneralPurposeConfidential,DCADCCV5,8,32,5,AMD
Standard_DC8ads_v5,Standard,DC8ads_v5,GeneralPurposeConfidential,DCADSv5,8,32,5,AMD
Standard_DC8ads_v6,Standard,DC8ads_v6,GeneralPurposeConfidential,DCadsv6,8,32,6,AMD
Standard_DC8as_cc_v5,Standard,DC8as_cc_v5,GeneralPurposeConfidential,DCACCV5,8,32,5,AMD
Standard_DC8as_v5,Standard,DC8as_v5,GeneralPurposeConfidential,DCASv5,8,32,5,AMD
Standard_DC8as_v6,Standard,DC8as_v6,GeneralPurposeConfidential,DCasv6,8,32,6,AMD
Standard_DC8ds_v3,Standard,DC8ds_v3,GeneralPurpose,DDCSv3,8,64,3,Intel
Standard_DC8s_v3,Standard,DC8s_v3,GeneralPurposeConfidential,DCSv3,8,64,3,Intel
Standard_DC8_v2,Standard,DC8_v2,GeneralPurposeConfidential,DCSv2,8,32,2,Intel
Standard_E8-2ads_v5,Standard,E8-2ads_v5,MemoryOptimized,EADSv5,8,64,5,AMD
Standard_E8-2ads_v7,Standard,E8-2ads_v7,MemoryOptimized,Eadsv7,8,64,7,AMD
Standard_E8-2as_v4,Standard,E8-2as_v4,MemoryOptimized,EASv4,8,64,4,AMD
Standard_E8-2as_v5,Standard,E8-2as_v5,MemoryOptimized,EASv5,8,64,5,AMD
Standard_E8-2as_v7,Standard,E8-2as_v7,MemoryOptimized,Easv7,8,64,7,AMD
Standard_E8-2ds_v4,Standard,E8-2ds_v4,MemoryOptimized,EDSv4,8,64,4,Intel
Standard_E8-2ds_v5,Standard,E8-2ds_v5,MemoryOptimized,EDSv5,8,64,5,Intel
Standard_E8-2ds_v6,Standard,E8-2ds_v6,MemoryOptimized,Edsv6,8,64,6,Intel
Standard_E8-2s_v3,Standard,E8-2s_v3,MemoryOptimized,ESv3,8,64,3,Intel
Standard_E8-2s_v4,Standard,E8-2s_v4,MemoryOptimized,ESv4,8,64,4,Intel
Standard_E8-2s_v5,Standard,E8-2s_v5,MemoryOptimized,ESv5,8,64,5,Intel
Standard_E8-2s_v6,Standard,E8-2s_v6,MemoryOptimized,Esv6,8,64,6,Intel
Standard_E8-4ads_v5,Standard,E8-4ads_v5,MemoryOptimized,EADSv5,8,64,5,AMD
Standard_E8-4ads_v7,Standard,E8-4ads_v7,MemoryOptimized,Eadsv7,8,64,7,AMD
Standard_E8-4as_v4,Standard,E8-4as_v4,MemoryOptimized,EASv4,8,64,4,AMD
Standard_E8-4as_v5,Standard,E8-4as_v5,MemoryOptimized,EASv5,8,64,5,AMD
Standard_E8-4as_v7,Standard,E8-4as_v7,MemoryOptimized,Easv7,8,64,7,AMD
Standard_E8-4ds_v4,Standard,E8-4ds_v4,MemoryOptimized,EDSv4,8,64,4,Intel
Standard_E8-4ds_v5,Standard,E8-4ds_v5,MemoryOptimized,EDSv5,8,64,5,Intel
Standard_E8-4ds_v6,Standard,E8-4ds_v6,MemoryOptimized,Edsv6,8,64,6,Intel
Standard_E8-4s_v3,Standard,E8-4s_v3,MemoryOptimized,ESv3,8,64,3,Intel
Standard_E8-4s_v4,Standard,E8-4s_v4,MemoryOptimized,ESv4,8,64,4,Intel
Standard_E8-4s_v5,Standard,E8-4s_v5,MemoryOptimized,ESv5,8,64,5,Intel
Standard_E8-4s_v6,Standard,E8-4s_v6,MemoryOptimized,Esv6,8,64,6,Intel
Standard_E8ads_v5,Standard,E8ads_v5,MemoryOptimized,EADSv5,8,64,5,AMD
Standard_E8ads_v6,Standard,E8ads_v6,MemoryOptimized,Eadv6,8,64,6,AMD
Standard_E8ads_v7,Standard,E8ads_v7,MemoryOptimized,Eadsv7,8,64,7,AMD
Standard_E8as_v4,Standard,E8as_v4,MemoryOptimized,EASv4,8,64,4,AMD
Standard_E8as_v5,Standard,E8as_v5,MemoryOptimized,EASv5,8,64,5,AMD
Standard_E8as_v6,Standard,E8as_v6,MemoryOptimized,Eav6,8,64,6,AMD
Standard_E8as_v7,Standard,E8as_v7,MemoryOptimized,Easv7,8,64,7,AMD
Standard_E8a_v4,Standard,E8a_v4,MemoryOptimized,EAv4,8,64,4,AMD
Standard_E8bds_v5,Standard,E8bds_v5,MemoryOptimized,EBDSv5,8,64,5,Intel
Standard_E8bs_v5,Standard,E8bs_v5,MemoryOptimized,EBSv5,8,64,5,Intel
Standard_E8ds_v4,Standard,E8ds_v4,MemoryOptimized,EDSv4,8,64,4,Intel
Standard_E8ds_v5,Standard,E8ds_v5,MemoryOptimized,EDSv5,8,64,5,Intel
Standard_E8ds_v6,Standard,E8ds_v6,MemoryOptimized,Edsv6,8,64,6,Intel
Standard_E8ds_v7,Standard,E8ds_v7,MemoryOptimized,Edsv7,8,64,7,Intel
Standard_E8d_v4,Standard,E8d_v4,MemoryOptimized,EDv4,8,64,4,Intel
Standard_E8d_v5,Standard,E8d_v5,MemoryOptimized,EDv5,8,64,5,Intel
Standard_E8pds_v5,Standard,E8pds_v5,MemoryOptimized,EPDSv5,8,64,5,ARM
Standard_E8pds_v6,Standard,E8pds_v6,MemoryOptimized,Epdsv6,8,64,6,ARM
Standard_E8ps_v5,Standard,E8ps_v5,MemoryOptimized,EPSv5,8,64,5,ARM
Standard_E8ps_v6,Standard,E8ps_v6,MemoryOptimized,Epsv6,8,64,6,ARM
Standard_E8s_v3,Standard,E8s_v3,MemoryOptimized,ESv3,8,64,3,Intel
Standard_E8s_v4,Standard,E8s_v4,MemoryOptimized,ESv4,8,64,4,Intel
Standard_E8s_v5,Standard,E8s_v5,MemoryOptimized,ESv5,8,64,5,Intel
Standard_E8s_v6,Standard,E8s_v6,MemoryOptimized,Esv6,8,64,6,Intel
Standard_E8s_v7,Standard,E8s_v7,MemoryOptimized,Esv7,8,64,7,Intel
Standard_E8_v3,Standard,E8_v3,MemoryOptimized,Ev3,8,64,3,Intel
Standard_E8_v4,Standard,E8_v4,MemoryOptimized,Ev4,8,64,4,Intel
Standard_E8_v5,Standard,E8_v5,MemoryOptimized,Ev5,8,64,5,Intel
Standard_EC8ads_cc_v5,Standard,EC8ads_cc_v5,MemoryOptimizedConfidential,ECADCCV5,8,64,5,AMD
Standard_EC8ads_v5,Standard,EC8ads_v5,MemoryOptimizedConfidential,ECADSv5,8,64,5,AMD
Standard_EC8ads_v6,Standard,EC8ads_v6,MemoryOptimizedConfidential,ECadsv6,8,64,6,AMD
Standard_EC8as_cc_v5,Standard,EC8as_cc_v5,MemoryOptimizedConfidential,ECACCV5,8,64,5,AMD
Standard_EC8as_v5,Standard,EC8as_v5,MemoryOptimizedConfidential,ECASv5,8,64,5,AMD
Standard_EC8as_v6,Standard,EC8as_v6,MemoryOptimizedConfidential,ECasv6,8,64,6,AMD
Standard_F8,Standard,F8,ComputeOptimized,F,8,16,1,Intel
Standard_F8-2amds_v7,Standard,F8-2amds_v7,ComputeOptimized,Famdsv7,8,64,7,AMD
Standard_F8-2ams_v7,Standard,F8-2ams_v7,ComputeOptimized,Famsv7,8,64,7,AMD
Standard_F8-4amds_v7,Standard,F8-4amds_v7,ComputeOptimized,Famdsv7,8,64,7,AMD
Standard_F8-4ams_v7,Standard,F8-4ams_v7,ComputeOptimized,Famsv7,8,64,7,AMD
Standard_F8ads_v7,Standard,F8ads_v7,ComputeOptimized,Fadsv7,8,32,7,AMD
Standard_F8alds_v7,Standard,F8alds_v7,ComputeOptimized,Faldsv7,8,16,7,AMD
Standard_F8als_v6,Standard,F8als_v6,ComputeOptimized,Falsv6,8,16,6,AMD
Standard_F8als_v7,Standard,F8als_v7,ComputeOptimized,Falsv7,8,16,7,AMD
Standard_F8amds_v7,Standard,F8amds_v7,ComputeOptimized,Famdsv7,8,64,7,AMD
Standard_F8ams_v6,Standard,F8ams_v6,ComputeOptimized,Famsv6,8,64,6,AMD
Standard_F8ams_v7,Standard,F8ams_v7,ComputeOptimized,Famsv7,8,64,7,AMD
Standard_F8as_v6,Standard,F8as_v6,ComputeOptimized,Fasv6,8,32,6,AMD
Standard_F8as_v7,Standard,F8as_v7,ComputeOptimized,Fasv7,8,32,7,AMD
Standard_F8s,Standard,F8s,ComputeOptimized,FS,8,16,1,Intel
Standard_F8s_v2,Standard,F8s_v2,ComputeOptimized,FSv2,8,16,2,Intel
Standard_FX8-2mds_v2,Standard,FX8-2mds_v2,ComputeOptimized,FXmdsv2,8,168,2,Intel
Standard_FX8-2ms_v2,Standard,FX8-2ms_v2,ComputeOptimized,FXmsv2,8,168,2,Intel
Standard_FX8-4mds_v2,Standard,FX8-4mds_v2,ComputeOptimized,FXmdsv2,8,168,2,Intel
Standard_FX8-4ms_v2,Standard,FX8-4ms_v2,ComputeOptimized,FXmsv2,8,168,2,Intel
Standard_FX8mds_v2,Standard,FX8mds_v2,ComputeOptimized,FXmdsv2,8,168,2,Intel
Standard_FX8ms_v2,Standard,FX8ms_v2,ComputeOptimized,FXmsv2,8,168,2,Intel
Standard_L8aos_v4,Standard,L8aos_v4,StorageOptimized,Laosv4,8,64,4,AMD
Standard_L8as_v3,Standard,L8as_v3,StorageOptimized,LASv3,8,64,3,AMD
Standard_L8as_v4,Standard,L8as_v4,StorageOptimized,Lasv4,8,64,4,AMD
Standard_L8s_v2,Standard,L8s_v2,StorageOptimized,LSv2,8,64,2,Intel
Standard_L8s_v3,Standard,L8s_v3,StorageOptimized,LSv3,8,64,3,Intel
Standard_L8s_v4,Standard,L8s_v4,StorageOptimized,Lsv4,8,64,4,Intel
Standard_M8-2ms,Standard,M8-2ms,MemoryOptimized,MS,8,218.75,1,Intel
Standard_M8-4ms,Standard,M8-4ms,MemoryOptimized,MS,8,218.75,1,Intel
Standard_M8ms,Standard,M8ms,MemoryOptimized,MS,8,218.75,1,Intel
Standard_NC8as_T4_v3,Standard,NC8as_T4_v3,GPU,NCasT4_v3,8,56,3,AMD
Standard_NV8ads_V710_v5,Standard,NV8ads_V710_v5,GPU,NVads V710 v5,8,32,5,AMD
Standard_NV8as_v4,Standard,NV8as_v4,GraphicsOptimized,NVv4,8,28,4,AMD
Standard_NP10s,Standard,NP10s,FPGAInstances,NPS,10,168,1,Intel
Standard_DS11,Standard,DS11,GeneralPurpose,DS,2,14,1,Intel
Standard_DS11-1_v2,Standard,DS11-1_v2,GeneralPurpose,DSv2,2,14,2,Intel
Standard_DS11_v2,Standard,DS11_v2,GeneralPurpose,DSv2,2,14,2,Intel
Standard_B12ms,Standard,B12ms,Burstable,BS,12,48,1,Intel
Standard_DS12,Standard,DS12,GeneralPurpose,DS,4,28,1,Intel
Standard_DS12-1_v2,Standard,DS12-1_v2,GeneralPurpose,DSv2,4,28,2,Intel
Standard_DS12-2_v2,Standard,DS12-2_v2,GeneralPurpose,DSv2,4,28,2,Intel
Standard_DS12_v2,Standard,DS12_v2,GeneralPurpose,DSv2,4,28,2,Intel
Standard_FX12-6mds_v2,Standard,FX12-6mds_v2,ComputeOptimized,FXmdsv2,12,252,2,Intel
Standard_FX12-6ms_v2,Standard,FX12-6ms_v2,ComputeOptimized,FXmsv2,12,252,2,Intel
Standard_FX12mds,Standard,FX12mds,ComputeOptimized,FXMDVS,12,252,1,Intel
Standard_FX12mds_v2,Standard,FX12mds_v2,ComputeOptimized,FXmdsv2,12,252,2,Intel
Standard_FX12ms_v2,Standard,FX12ms_v2,ComputeOptimized,FXmsv2,12,252,2,Intel
Standard_L12aos_v4,Standard,L12aos_v4,StorageOptimized,Laosv4,12,96,4,AMD
Standard_M12ds_v3,Standard,M12ds_v3,MemoryOptimized,MDSv3,12,240,3,Intel
Standard_M12s_v3,Standard,M12s_v3,MemoryOptimized,MSv3,12,240,3,Intel
Standard_NC12s_v3,Standard,NC12s_v3,GPU,NCv3,12,224,3,Intel
Standard_NV12ads_A10_v5,Standard,NV12ads_A10_v5,GPU,NVadsA10 v5,12,110,5,AMD
Standard_NV12ads_V710_v5,Standard,NV12ads_V710_v5,GPU,NVads V710 v5,12,64,5,AMD
Standard_NV12s_v3,Standard,NV12s_v3,GraphicsOptimized,NVv3,12,112,3,Intel
Standard_DS13,Standard,DS13,GeneralPurpose,DS,8,56,1,Intel
Standard_DS13-2_v2,Standard,DS13-2_v2,GeneralPurpose,DSv2,8,56,2,Intel
Standard_DS13-4_v2,Standard,DS13-4_v2,GeneralPurpose,DSv2,8,56,2,Intel
Standard_DS13_v2,Standard,DS13_v2,GeneralPurpose,DSv2,8,56,2,Intel
Standard_DS14,Standard,DS14,GeneralPurpose,DS,16,112,1,Intel
Standard_DS14-4_v2,Standard,DS14-4_v2,GeneralPurpose,DSv2,16,112,2,Intel
Standard_DS14-8_v2,Standard,DS14-8_v2,GeneralPurpose,DSv2,16,112,2,Intel
Standard_DS14_v2,Standard,DS14_v2,GeneralPurpose,DSv2,16,112,2,Intel
Standard_DS15_v2,Standard,DS15_v2,GeneralPurpose,DSv2,20,140,2,Intel
Standard_B16als_v2,Standard,B16als_v2,Burstable,Basv2,16,32,2,AMD
Standard_B16as_v2,Standard,B16as_v2,Burstable,Basv2,16,64,2,AMD
Standard_B16ls_v2,Standard,B16ls_v2,Burstable,Bsv2,16,32,2,Intel
Standard_B16ms,Standard,B16ms,Burstable,BS,16,64,1,Intel
Standard_B16pls_v2,Standard,B16pls_v2,Burstable,Bpsv2,16,32,2,ARM
Standard_B16ps_v2,Standard,B16ps_v2,Burstable,Bpsv2,16,64,2,ARM
Standard_B16s_v2,Standard,B16s_v2,Burstable,Bsv2,16,64,2,Intel
Standard_D16ads_v5,Standard,D16ads_v5,GeneralPurpose,DADSv5,16,64,5,AMD
Standard_D16ads_v6,Standard,D16ads_v6,GeneralPurpose,Dadv6,16,64,6,AMD
Standard_D16ads_v7,Standard,D16ads_v7,GeneralPurpose,Dadsv7,16,64,7,AMD
Standard_D16alds_v6,Standard,D16alds_v6,GeneralPurpose,Daldv6,16,32,6,AMD
Standard_D16alds_v7,Standard,D16alds_v7,GeneralPurpose,Daldsv7,16,32,7,AMD
Standard_D16als_v6,Standard,D16als_v6,GeneralPurpose,Dalv6,16,32,6,AMD
Standard_D16als_v7,Standard,D16als_v7,GeneralPurpose,Dalsv7,16,32,7,AMD
Standard_D16as_v4,Standard,D16as_v4,GeneralPurpose,DASv4,16,64,4,AMD
Standard_D16as_v5,Standard,D16as_v5,GeneralPurpose,DASv5,16,64,5,AMD
Standard_D16as_v6,Standard,D16as_v6,GeneralPurpose,Dav6,16,64,6,AMD
Standard_D16as_v7,Standard,D16as_v7,GeneralPurpose,Dasv7,16,64,7,AMD
Standard_D16a_v4,Standard,D16a_v4,GeneralPurpose,DAv4,16,64,4,AMD
Standard_D16ds_v4,Standard,D16ds_v4,GeneralPurpose,DDSv4,16,64,4,Intel
Standard_D16ds_v5,Standard,D16ds_v5,GeneralPurpose,DDSv5,16,64,5,Intel
Standard_D16ds_v6,Standard,D16ds_v6,GeneralPurpose,Ddsv6,16,64,6,Intel
Standard_D16ds_v7,Standard,D16ds_v7,GeneralPurpose,Ddsv7,16,64,7,Intel
Standard_D16d_v4,Standard,D16d_v4,GeneralPurpose,DDv4,16,64,4,Intel
Standard_D16d_v5,Standard,D16d_v5,GeneralPurpose,DDv5,16,64,5,Intel
Standard_D16lds_v5,Standard,D16lds_v5,GeneralPurpose,DLDSv5,16,32,5,Intel
Standard_D16lds_v6,Standard,D16lds_v6,GeneralPurpose,Dldsv6,16,32,6,Intel
Standard_D16lds_v7,Standard,D16lds_v7,GeneralPurpose,Dldsv7,16,32,7,Intel
Standard_D16ls_v5,Standard,D16ls_v5,GeneralPurpose,DLSv5,16,32,5,Intel
Standard_D16ls_v6,Standard,D16ls_v6,GeneralPurpose,Dlsv6,16,32,6,Intel
Standard_D16ls_v7,Standard,D16ls_v7,GeneralPurpose,Dlsv7,16,32,7,Intel
Standard_D16pds_v5,Standard,D16pds_v5,GeneralPurpose,DPDSv5,16,64,5,ARM
Standard_D16pds_v6,Standard,D16pds_v6,GeneralPurpose,Dpdsv6,16,64,6,ARM
Standard_D16plds_v5,Standard,D16plds_v5,GeneralPurpose,DPLDSv5,16,32,5,ARM
Standard_D16plds_v6,Standard,D16plds_v6,GeneralPurpose,Dpldsv6,16,32,6,ARM
Standard_D16pls_v5,Standard,D16pls_v5,GeneralPurpose,DPLSv5,16,32,5,ARM
Standard_D16pls_v6,Standard,D16pls_v6,GeneralPurpose,Dplsv6,16,32,6,ARM
Standard_D16ps_v5,Standard,D16ps_v5,GeneralPurpose,DPSv5,16,64,5,ARM
Standard_D16ps_v6,Standard,D16ps_v6,GeneralPurpose,Dpsv6,16,64,6,ARM
Standard_D16s_v3,Standard,D16s_v3,GeneralPurpose,DSv3,16,64,3,Intel
Standard_D16s_v4,Standard,D16s_v4,GeneralPurpose,DSv4,16,64,4,Intel
Standard_D16s_v5,Standard,D16s_v5,GeneralPurpose,DSv5,16,64,5,Intel
Standard_D16s_v6,Standard,D16s_v6,GeneralPurpose,Dsv6,16,64,6,Intel
Standard_D16s_v7,Standard,D16s_v7,GeneralPurpose,Dsv7,16,64,7,Intel
Standard_D16_v3,Standard,D16_v3,GeneralPurpose,Dv3,16,64,3,Intel
Standard_D16_v4,Standard,D16_v4,GeneralPurpose,Dv4,16,64,4,Intel
Standard_D16_v5,Standard,D16_v5,GeneralPurpose,Dv5,16,64,5,Intel
Standard_DC16ads_cc_v5,Standard,DC16ads_cc_v5,GeneralPurposeConfidential,DCADCCV5,16,64,5,AMD
Standard_DC16ads_v5,Standard,DC16ads_v5,GeneralPurposeConfidential,DCADSv5,16,64,5,AMD
Standard_DC16ads_v6,Standard,DC16ads_v6,GeneralPurposeConfidential,DCadsv6,16,64,6,AMD
Standard_DC16as_cc_v5,Standard,DC16as_cc_v5,GeneralPurposeConfidential,DCACCV5,16,64,5,AMD
Standard_DC16as_v5,Standard,DC16as_v5,GeneralPurposeConfidential,DCASv5,16,64,5,AMD
Standard_DC16as_v6,Standard,DC16as_v6,GeneralPurposeConfidential,DCasv6,16,64,6,AMD
Standard_DC16ds_v3,Standard,DC16ds_v3,GeneralPurpose,DDCSv3,16,128,3,Intel
Standard_DC16s_v3,Standard,DC16s_v3,GeneralPurposeConfidential,DCSv3,16,128,3,Intel
Standard_E16-4ads_v5,Standard,E16-4ads_v5,MemoryOptimized,EADSv5,16,128,5,AMD
Standard_E16-4ads_v7,Standard,E16-4ads_v7,MemoryOptimized,Eadsv7,16,128,7,AMD
Standard_E16-4as_v4,Standard,E16-4as_v4,MemoryOptimized,EASv4,16,128,4,AMD
Standard_E16-4as_v5,Standard,E16-4as_v5,MemoryOptimized,EASv5,16,128,5,AMD
Standard_E16-4as_v7,Standard,E16-4as_v7,MemoryOptimized,Easv7,16,128,7,AMD
Standard_E16-4ds_v4,Standard,E16-4ds_v4,MemoryOptimized,EDSv4,16,128,4,Intel
Standard_E16-4ds_v5,Standard,E16-4ds_v5,MemoryOptimized,EDSv5,16,128,5,Intel
Standard_E16-4ds_v6,Standard,E16-4ds_v6,MemoryOptimized,Edsv6,16,128,6,Intel
Standard_E16-4s_v3,Standard,E16-4s_v3,MemoryOptimized,ESv3,16,128,3,Intel
Standard_E16-4s_v4,Standard,E16-4s_v4,MemoryOptimized,ESv4,16,128,4,Intel
Standard_E16-4s_v5,Standard,E16-4s_v5,MemoryOptimized,ESv5,16,128,5,Intel
Standard_E16-4s_v6,Standard,E16-4s_v6,MemoryOptimized,Esv6,16,128,6,Intel
Standard_E16-8ads_v5,Standard,E16-8ads_v5,MemoryOptimized,EADSv5,16,128,5,AMD
Standard_E16-8ads_v7,Standard,E16-8ads_v7,MemoryOptimized,Eadsv7,16,128,7,AMD
Standard_E16-8as_v4,Standard,E16-8as_v4,MemoryOptimized,EASv4,16,128,4,AMD
Standard_E16-8as_v5,Standard,E16-8as_v5,MemoryOptimized,EASv5,16,128,5,AMD
Standard_E16-8as_v7,Standard,E16-8as_v7,MemoryOptimized,Easv7,16,128,7,AMD
Standard_E16-8ds_v4,Standard,E16-8ds_v4,MemoryOptimized,EDSv4,16,128,4,Intel
Standard_E16-8ds_v5,Standard,E16-8ds_v5,MemoryOptimized,EDSv5,16,128,5,Intel
Standard_E16-8ds_v6,Standard,E16-8ds_v6,MemoryOptimized,Edsv6,16,128,6,Intel
Standard_E16-8s_v3,Standard,E16-8s_v3,MemoryOptimized,ESv3,16,128,3,Intel
Standard_E16-8s_v4,Standard,E16-8s_v4,MemoryOptimized,ESv4,16,128,4,Intel
Standard_E16-8s_v5,Standard,E16-8s_v5,MemoryOptimized,ESv5,16,128,5,Intel
Standard_E16-8s_v6,Standard,E16-8s_v6,MemoryOptimized,Esv6,16,128,6,Intel
Standard_E16ads_v5,Standard,E16ads_v5,MemoryOptimized,EADSv5,16,128,5,AMD
Standard_E16ads_v6,Standard,E16ads_v6,MemoryOptimized,Eadv6,16,128,6,AMD
Standard_E16ads_v7,Standard,E16ads_v7,MemoryOptimized,Eadsv7,16,128,7,AMD
Standard_E16as_v4,Standard,E16as_v4,MemoryOptimized,EASv4,16,128,4,AMD
Standard_E16as_v5,Standard,E16as_v5,MemoryOptimized,EASv5,16,128,5,AMD
Standard_E16as_v6,Standard,E16as_v6,MemoryOptimized,Eav6,16,128,6,AMD
Standard_E16as_v7,Standard,E16as_v7,MemoryOptimized,Easv7,16,128,7,AMD
Standard_E16a_v4,Standard,E16a_v4,MemoryOptimized,EAv4,16,128,4,AMD
Standard_E16bds_v5,Standard,E16bds_v5,MemoryOptimized,EBDSv5,16,128,5,Intel
Standard_E16bs_v5,Standard,E16bs_v5,MemoryOptimized,EBSv5,16,128,5,Intel
Standard_E16ds_v4,Standard,E16ds_v4,MemoryOptimized,EDSv4,16,128,4,Intel
Standard_E16ds_v5,Standard,E16ds_v5,MemoryOptimized,EDSv5,16,128,5,Intel
Standard_E16ds_v6,Standard,E16ds_v6,MemoryOptimized,Edsv6,16,128,6,Intel
Standard_E16ds_v7,Standard,E16ds_v7,MemoryOptimized,Edsv7,16,128,7,Intel
Standard_E16d_v4,Standard,E16d_v4,MemoryOptimized,EDv4,16,128,4,Intel
Standard_E16d_v5,Standard,E16d_v5,MemoryOptimized,EDv5,16,128,5,Intel
Standard_E16pds_v5,Standard,E16pds_v5,MemoryOptimized,EPDSv5,16,128,5,ARM
Standard_E16pds_v6,Standard,E16pds_v6,MemoryOptimized,Epdsv6,16,128,6,ARM
Standard_E16ps_v5,Standard,E16ps_v5,MemoryOptimized,EPSv5,16,128,5,ARM
Standard_E16ps_v6,Standard,E16ps_v6,MemoryOptimized,Epsv6,16,128,6,ARM
Standard_E16s_v3,Standard,E16s_v3,MemoryOptimized,ESv3,16,128,3,Intel
Standard_E16s_v4,Standard,E16s_v4,MemoryOptimized,ESv4,16,128,4,Intel
Standard_E16s_v5,Standard,E16s_v5,MemoryOptimized,ESv5,16,128,5,Intel
Standard_E16s_v6,Standard,E16s_v6,MemoryOptimized,Esv6,16,128,6,Intel
Standard_E16s_v7,Standard,E16s_v7,MemoryOptimized,Esv7,16,128,7,Intel
Standard_E16_v3,Standard,E16_v3,MemoryOptimized,Ev3,16,128,3,Intel
Standard_E16_v4,Standard,E16_v4,MemoryOptimized,Ev4,16,128,4,Intel
Standard_E16_v5,Standard,E16_v5,MemoryOptimized,Ev5,16,128,5,Intel
Standard_EC16ads_cc_v5,Standard,EC16ads_cc_v5,MemoryOptimizedConfidential,ECADCCV5,16,128,5,AMD
Standard_EC16ads_v5,Standard,EC16ads_v5,MemoryOptimizedConfidential,ECADSv5,16,128,5,AMD
Standard_EC16ads_v6,Standard,EC16ads_v6,MemoryOptimizedConfidential,ECadsv6,16,128,6,AMD
Standard_EC16as_cc_v5,Standard,EC16as_cc_v5,MemoryOptimizedConfidential,ECACCV5,16,128,5,AMD
Standard_EC16as_v5,Standard,EC16as_v5,MemoryOptimizedConfidential,ECASv5,16,128,5,AMD
Standard_EC16as_v6,Standard,EC16as_v6,MemoryOptimizedConfidential,ECasv6,16,128,6,AMD
Standard_F16,Standard,F16,ComputeOptimized,F,16,32,1,Intel
Standard_F16-4amds_v7,Standard,F16-4amds_v7,ComputeOptimized,Famdsv7,16,128,7,AMD
Standard_F16-4ams_v7,Standard,F16-4ams_v7,ComputeOptimized,Famsv7,16,128,7,AMD
Standard_F16-8amds_v7,Standard,F16-8amds_v7,ComputeOptimized,Famdsv7,16,128,7,AMD
Standard_F16-8ams_v7,Standard,F16-8ams_v7,ComputeOptimized,Famsv7,16,128,7,AMD
Standard_F16ads_v7,Standard,F16ads_v7,ComputeOptimized,Fadsv7,16,64,7,AMD
Standard_F16alds_v7,Standard,F16alds_v7,ComputeOptimized,Faldsv7,16,32,7,AMD
Standard_F16als_v6,Standard,F16als_v6,ComputeOptimized,Falsv6,16,32,6,AMD
Standard_F16als_v7,Standard,F16als_v7,ComputeOptimized,Falsv7,16,32,7,AMD
Standard_F16amds_v7,Standard,F16amds_v7,ComputeOptimized,Famdsv7,16,128,7,AMD
Standard_F16ams_v6,Standard,F16ams_v6,ComputeOptimized,Famsv6,16,128,6,AMD
Standard_F16ams_v7,Standard,F16ams_v7,ComputeOptimized,Famsv7,16,128,7,AMD
Standard_F16as_v6,Standard,F16as_v6,ComputeOptimized,Fasv6,16,64,6,AMD
Standard_F16as_v7,Standard,F16as_v7,ComputeOptimized,Fasv7,16,64,7,AMD
Standard_F16s,Standard,F16s,ComputeOptimized,FS,16,32,1,Intel
Standard_F16s_v2,Standard,F16s_v2,ComputeOptimized,FSv2,16,32,2,Intel
Standard_FX16-4mds_v2,Standard,FX16-4mds_v2,ComputeOptimized,FXmdsv2,16,336,2,Intel
Standard_FX16-4ms_v2,Standard,FX16-4ms_v2,ComputeOptimized,FXmsv2,16,336,2,Intel
Standard_FX16-8mds_v2,Standard,FX16-8mds_v2,ComputeOptimized,FXmdsv2,16,336,2,Intel
Standard_FX16-8ms_v2,Standard,FX16-8ms_v2,ComputeOptimized,FXmsv2,16,336,2,Intel
Standard_FX16mds_v2,Standard,FX16mds_v2,ComputeOptimized,FXmdsv2,16,336,2,Intel
Standard_FX16ms_v2,Standard,FX16ms_v2,ComputeOptimized,FXmsv2,16,336,2,Intel
Standard_L16aos_v4,Standard,L16aos_v4,StorageOptimized,Laosv4,16,128,4,AMD
Standard_L16as_v3,Standard,L16as_v3,StorageOptimized,LASv3,16,128,3,AMD
Standard_L16as_v4,Standard,L16as_v4,StorageOptimized,Lasv4,16,128,4,AMD
Standard_L16s_v2,Standard,L16s_v2,StorageOptimized,LSv2,16,128,2,Intel
Standard_L16s_v3,Standard,L16s_v3,StorageOptimized,LSv3,16,128,3,Intel
Standard_L16s_v4,Standard,L16s_v4,StorageOptimized,Lsv4,16,128,4,Intel
Standard_M16-4ms,Standard,M16-4ms,MemoryOptimized,MS,16,437.5,1,Intel
Standard_M16-8ms,Standard,M16-8ms,MemoryOptimized,MS,16,437.5,1,Intel
Standard_M16bds_v3,Standard,M16bds_v3,MemoryOptimized,MBDSv3,16,128,3,Intel
Standard_M16bs_v3,Standard,M16bs_v3,MemoryOptimized,MBSv3,16,128,3,Intel
Standard_M16ms,Standard,M16ms,MemoryOptimized,MS,16,437.5,1,Intel
Standard_NC16as_T4_v3,Standard,NC16as_T4_v3,GPU,NCasT4_v3,16,110,3,AMD
Standard_NV16as_v4,Standard,NV16as_v4,GraphicsOptimized,NVv4,16,56,4,AMD
Standard_NV18ads_A10_v5,Standard,NV18ads_A10_v5,GPU,NVadsA10 v5,18,220,5,AMD
Standard_B20ms,Standard,B20ms,Burstable,BS,20,80,1,Intel
Standard_E20ads_v5,Standard,E20ads_v5,MemoryOptimized,EADSv5,20,160,5,AMD
Standard_E20ads_v6,Standard,E20ads_v6,MemoryOptimized,Eadv6,20,160,6,AMD
Standard_E20as_v4,Standard,E20as_v4,MemoryOptimized,EASv4,20,160,4,AMD
Standard_E20as_v5,Standard,E20as_v5,MemoryOptimized,EASv5,20,160,5,AMD
Standard_E20as_v6,Standard,E20as_v6,MemoryOptimized,Eav6,20,160,6,AMD
Standard_E20a_v4,Standard,E20a_v4,MemoryOptimized,EAv4,20,160,4,AMD
Standard_E20ds_v4,Standard,E20ds_v4,MemoryOptimized,EDSv4,20,160,4,Intel
Standard_E20ds_v5,Standard,E20ds_v5,MemoryOptimized,EDSv5,20,160,5,Intel
Standard_E20ds_v6,Standard,E20ds_v6,MemoryOptimized,Edsv6,20,160,6,Intel
Standard_E20ds_v7,Standard,E20ds_v7,MemoryOptimized,Edsv7,20,160,7,Intel
Standard_E20d_v4,Standard,E20d_v4,MemoryOptimized,EDv4,20,160,4,Intel
Standard_E20d_v5,Standard,E20d_v5,MemoryOptimized,EDv5,20,160,5,Intel
Standard_E20pds_v5,Standard,E20pds_v5,MemoryOptimized,EPDSv5,20,160,5,ARM
Standard_E20ps_v5,Standard,E20ps_v5,MemoryOptimized,EPSv5,20,160,5,ARM
Standard_E20s_v3,Standard,E20s_v3,MemoryOptimized,ESv3,20,160,3,Intel
Standard_E20s_v4,Standard,E20s_v4,MemoryOptimized,ESv4,20,160,4,Intel
Standard_E20s_v5,Standard,E20s_v5,MemoryOptimized,ESv5,20,160,5,Intel
Standard_E20s_v6,Standard,E20s_v6,MemoryOptimized,Esv6,20,160,6,Intel
Standard_E20s_v7,Standard,E20s_v7,MemoryOptimized,Esv7,20,160,7,Intel
Standard_E20_v3,Standard,E20_v3,MemoryOptimized,Ev3,20,160,3,Intel
Standard_E20_v4,Standard,E20_v4,MemoryOptimized,Ev4,20,160,4,Intel
Standard_E20_v5,Standard,E20_v5,MemoryOptimized,Ev5,20,160,5,Intel
Standard_EC20ads_cc_v5,Standard,EC20ads_cc_v5,MemoryOptimizedConfidential,ECADCCV5,20,160,5,AMD
Standard_EC20ads_v5,Standard,EC20ads_v5,MemoryOptimizedConfidential,ECADSv5,20,160,5,AMD
Standard_EC20as_cc_v5,Standard,EC20as_cc_v5,MemoryOptimizedConfidential,ECACCV5,20,160,5,AMD
Standard_EC20as_v5,Standard,EC20as_v5,MemoryOptimizedConfidential,ECASv5,20,160,5,AMD
Standard_NP20s,Standard,NP20s,FPGAInstances,NPS,20,336,1,Intel
Standard_DC24ds_v3,Standard,DC24ds_v3,GeneralPurpose,DDCSv3,24,192,3,Intel
Standard_DC24s_v3,Standard,DC24s_v3,GeneralPurposeConfidential,DCSv3,24,192,3,Intel
Standard_FX24-12mds_v2,Standard,FX24-12mds_v2,ComputeOptimized,FXmdsv2,24,504,2,Intel
Standard_FX24-12ms_v2,Standard,FX24-12ms_v2,ComputeOptimized,FXmsv2,24,504,2,Intel
Standard_FX24-6mds_v2,Standard,FX24-6mds_v2,ComputeOptimized,FXmdsv2,24,504,2,Intel
Standard_FX24-6ms_v2,Standard,FX24-6ms_v2,ComputeOptimized,FXmsv2,24,504,2,Intel
Standard_FX24mds,Standard,FX24mds,ComputeOptimized,FXMDVS,24,504,1,Intel
Standard_FX24mds_v2,Standard,FX24mds_v2,ComputeOptimized,FXmdsv2,24,504,2,Intel
Standard_FX24ms_v2,Standard,FX24ms_v2,ComputeOptimized,FXmsv2,24,504,2,Intel
Standard_L24aos_v4,Standard,L24aos_v4,StorageOptimized,Laosv4,24,192,4,AMD
Standard_M24ds_v3,Standard,M24ds_v3,MemoryOptimized,MDSv3,24,480,3,Intel
Standard_M24s_v3,Standard,M24s_v3,MemoryOptimized,MSv3,24,480,3,Intel
Standard_NC24ads_A100_v4,Standard,NC24ads_A100_v4,GPU,NC A100 v4,24,220,4,AMD
Standard_NC24rs_v3,Standard,NC24rs_v3,GPU,NCv3,24,448,3,Intel
Standard_NC24s_v3,Standard,NC24s_v3,GPU,NCv3,24,448,3,Intel
Standard_NV24ads_V710_v5,Standard,NV24ads_V710_v5,GPU,NVads V710 v5,24,128,5,AMD
Standard_NV24s_v3,Standard,NV24s_v3,GraphicsOptimized,NVv3,24,224,3,Intel
Standard_B32als_v2,Standard,B32als_v2,Burstable,Basv2,32,64,2,AMD
Standard_B32as_v2,Standard,B32as_v2,Burstable,Basv2,32,128,2,AMD
Standard_B32ls_v2,Standard,B32ls_v2,Burstable,Bsv2,32,64,2,Intel
Standard_B32s_v2,Standard,B32s_v2,Burstable,Bsv2,32,128,2,Intel
Standard_D32ads_v5,Standard,D32ads_v5,GeneralPurpose,DADSv5,32,128,5,AMD
Standard_D32ads_v6,Standard,D32ads_v6,GeneralPurpose,Dadv6,32,128,6,AMD
Standard_D32ads_v7,Standard,D32ads_v7,GeneralPurpose,Dadsv7,32,128,7,AMD
Standard_D32alds_v6,Standard,D32alds_v6,GeneralPurpose,Daldv6,32,64,6,AMD
Standard_D32alds_v7,Standard,D32alds_v7,GeneralPurpose,Daldsv7,32,64,7,AMD
Standard_D32als_v6,Standard,D32als_v6,GeneralPurpose,Dalv6,32,64,6,AMD
Standard_D32als_v7,Standard,D32als_v7,GeneralPurpose,Dalsv7,32,64,7,AMD
Standard_D32as_v4,Standard,D32as_v4,GeneralPurpose,DASv4,32,128,4,AMD
Standard_D32as_v5,Standard,D32as_v5,GeneralPurpose,DASv5,32,128,5,AMD
Standard_D32as_v6,Standard,D32as_v6,GeneralPurpose,Dav6,32,128,6,AMD
Standard_D32as_v7,Standard,D32as_v7,GeneralPurpose,Dasv7,32,128,7,AMD
Standard_D32a_v4,Standard,D32a_v4,GeneralPurpose,DAv4,32,128,4,AMD
Standard_D32ds_v4,Standard,D32ds_v4,GeneralPurpose,DDSv4,32,128,4,Intel
Standard_D32ds_v5,Standard,D32ds_v5,GeneralPurpose,DDSv5,32,128,5,Intel
Standard_D32ds_v6,Standard,D32ds_v6,GeneralPurpose,Ddsv6,32,128,6,Intel
Standard_D32ds_v7,Standard,D32ds_v7,GeneralPurpose,Ddsv7,32,128,7,Intel
Standard_D32d_v4,Standard,D32d_v4,GeneralPurpose,DDv4,32,128,4,Intel
Standard_D32d_v5,Standard,D32d_v5,GeneralPurpose,DDv5,32,128,5,Intel
Standard_D32lds_v5,Standard,D32lds_v5,GeneralPurpose,DLDSv5,32,64,5,Intel
Standard_D32lds_v6,Standard,D32lds_v6,GeneralPurpose,Dldsv6,32,64,6,Intel
Standard_D32lds_v7,Standard,D32lds_v7,GeneralPurpose,Dldsv7,32,64,7,Intel
Standard_D32ls_v5,Standard,D32ls_v5,GeneralPurpose,DLSv5,32,64,5,Intel
Standard_D32ls_v6,Standard,D32ls_v6,GeneralPurpose,Dlsv6,32,64,6,Intel
Standard_D32ls_v7,Standard,D32ls_v7,GeneralPurpose,Dlsv7,32,64,7,Intel
Standard_D32pds_v5,Standard,D32pds_v5,GeneralPurpose,DPDSv5,32,128,5,ARM
Standard_D32pds_v6,Standard,D32pds_v6,GeneralPurpose,Dpdsv6,32,128,6,ARM
Standard_D32plds_v5,Standard,D32plds_v5,GeneralPurpose,DPLDSv5,32,64,5,ARM
Standard_D32plds_v6,Standard,D32plds_v6,GeneralPurpose,Dpldsv6,32,64,6,ARM
Standard_D32pls_v5,Standard,D32pls_v5,GeneralPurpose,DPLSv5,32,64,5,ARM
Standard_D32pls_v6,Standard,D32pls_v6,GeneralPurpose,Dplsv6,32,64,6,ARM
Standard_D32ps_v5,Standard,D32ps_v5,GeneralPurpose,DPSv5,32,128,5,ARM
Standard_D32ps_v6,Standard,D32ps_v6,GeneralPurpose,Dpsv6,32,128,6,ARM
Standard_D32s_v3,Standard,D32s_v3,GeneralPurpose,DSv3,32,128,3,Intel
Standard_D32s_v4,Standard,D32s_v4,GeneralPurpose,DSv4,32,128,4,Intel
Standard_D32s_v5,Standard,D32s_v5,GeneralPurpose,DSv5,32,128,5,Intel
Standard_D32s_v6,Standard,D32s_v6,GeneralPurpose,Dsv6,32,128,6,Intel
Standard_D32s_v7,Standard,D32s_v7,GeneralPurpose,Dsv7,32,128,7,Intel
Standard_D32_v3,Standard,D32_v3,GeneralPurpose,Dv3,32,128,3,Intel
Standard_D32_v4,Standard,D32_v4,GeneralPurpose,Dv4,32,128,4,Intel
Standard_D32_v5,Standard,D32_v5,GeneralPurpose,Dv5,32,128,5,Intel
Standard_DC32ads_cc_v5,Standard,DC32ads_cc_v5,GeneralPurposeConfidential,DCADCCV5,32,128,5,AMD
Standard_DC32ads_v5,Standard,DC32ads_v5,GeneralPurposeConfidential,DCADSv5,32,128,5,AMD
Standard_DC32ads_v6,Standard,DC32ads_v6,GeneralPurposeConfidential,DCadsv6,32,128,6,AMD
Standard_DC32as_cc_v5,Standard,DC32as_cc_v5,GeneralPurposeConfidential,DCACCV5,32,128,5,AMD
Standard_DC32as_v5,Standard,DC32as_v5,GeneralPurposeConfidential,DCASv5,32,128,5,AMD
Standard_DC32as_v6,Standard,DC32as_v6,GeneralPurposeConfidential,DCasv6,32,128,6,AMD
Standard_DC32ds_v3,Standard,DC32ds_v3,GeneralPurpose,DDCSv3,32,256,3,Intel
Standard_DC32s_v3,Standard,DC32s_v3,GeneralPurposeConfidential,DCSv3,32,256,3,Intel
Standard_E32-16ads_v5,Standard,E32-16ads_v5,MemoryOptimized,EADSv5,32,256,5,AMD
Standard_E32-16ads_v7,Standard,E32-16ads_v7,MemoryOptimized,Eadsv7,32,256,7,AMD
Standard_E32-16as_v4,Standard,E32-16as_v4,MemoryOptimized,EASv4,32,256,4,AMD
Standard_E32-16as_v5,Standard,E32-16as_v5,MemoryOptimized,EASv5,32,256,5,AMD
Standard_E32-16as_v7,Standard,E32-16as_v7,MemoryOptimized,Easv7,32,256,7,AMD
Standard_E32-16ds_v4,Standard,E32-16ds_v4,MemoryOptimized,EDSv4,32,256,4,Intel
Standard_E32-16ds_v5,Standard,E32-16ds_v5,MemoryOptimized,EDSv5,32,256,5,Intel
Standard_E32-16ds_v6,Standard,E32-16ds_v6,MemoryOptimized,Edsv6,32,256,6,Intel
Standard_E32-16s_v3,Standard,E32-16s_v3,MemoryOptimized,ESv3,32,256,3,Intel
Standard_E32-16s_v4,Standard,E32-16s_v4,MemoryOptimized,ESv4,32,256,4,Intel
Standard_E32-16s_v5,Standard,E32-16s_v5,MemoryOptimized,ESv5,32,256,5,Intel
Standard_E32-16s_v6,Standard,E32-16s_v6,MemoryOptimized,Esv6,32,256,6,Intel
Standard_E32-8ads_v5,Standard,E32-8ads_v5,MemoryOptimized,EADSv5,32,256,5,AMD
Standard_E32-8ads_v7,Standard,E32-8ads_v7,MemoryOptimized,Eadsv7,32,256,7,AMD
Standard_E32-8as_v4,Standard,E32-8as_v4,MemoryOptimized,EASv4,32,256,4,AMD
Standard_E32-8as_v5,Standard,E32-8as_v5,MemoryOptimized,EASv5,32,256,5,AMD
Standard_E32-8as_v7,Standard,E32-8as_v7,MemoryOptimized,Easv7,32,256,7,AMD
Standard_E32-8ds_v4,Standard,E32-8ds_v4,MemoryOptimized,EDSv4,32,256,4,Intel
Standard_E32-8ds_v5,Standard,E32-8ds_v5,MemoryOptimized,EDSv5,32,256,5,Intel
Standard_E32-8ds_v6,Standard,E32-8ds_v6,MemoryOptimized,Edsv6,32,256,6,Intel
Standard_E32-8s_v3,Standard,E32-8s_v3,MemoryOptimized,ESv3,32,256,3,Intel
Standard_E32-8s_v4,Standard,E32-8s_v4,MemoryOptimized,ESv4,32,256,4,Intel
Standard_E32-8s_v5,Standard,E32-8s_v5,MemoryOptimized,ESv5,32,256,5,Intel
Standard_E32-8s_v6,Standard,E32-8s_v6,MemoryOptimized,Esv6,32,256,6,Intel
Standard_E32ads_v5,Standard,E32ads_v5,MemoryOptimized,EADSv5,32,256,5,AMD
Standard_E32ads_v6,Standard,E32ads_v6,MemoryOptimized,Eadv6,32,256,6,AMD
Standard_E32ads_v7,Standard,E32ads_v7,MemoryOptimized,Eadsv7,32,256,7,AMD
Standard_E32as_v4,Standard,E32as_v4,MemoryOptimized,EASv4,32,256,4,AMD
Standard_E32as_v5,Standard,E32as_v5,MemoryOptimized,EASv5,32,256,5,AMD
Standard_E32as_v6,Standard,E32as_v6,MemoryOptimized,Eav6,32,256,6,AMD
Standard_E32as_v7,Standard,E32as_v7,MemoryOptimized,Easv7,32,256,7,AMD
Standard_E32a_v4,Standard,E32a_v4,MemoryOptimized,EAv4,32,256,4,AMD
Standard_E32bds_v5,Standard,E32bds_v5,MemoryOptimized,EBDSv5,32,256,5,Intel
Standard_E32bs_v5,Standard,E32bs_v5,MemoryOptimized,EBSv5,32,256,5,Intel
Standard_E32ds_v4,Standard,E32ds_v4,MemoryOptimized,EDSv4,32,256,4,Intel
Standard_E32ds_v5,Standard,E32ds_v5,MemoryOptimized,EDSv5,32,256,5,Intel
Standard_E32ds_v6,Standard,E32ds_v6,MemoryOptimized,Edsv6,32,256,6,Intel
Standard_E32ds_v7,Standard,E32ds_v7,MemoryOptimized,Edsv7,32,256,7,Intel
Standard_E32d_v4,Standard,E32d_v4,MemoryOptimized,EDv4,32,256,4,Intel
Standard_E32d_v5,Standard,E32d_v5,MemoryOptimized,EDv5,32,256,5,Intel
Standard_E32pds_v5,Standard,E32pds_v5,MemoryOptimized,EPDSv5,32,208,5,ARM
Standard_E32pds_v6,Standard,E32pds_v6,MemoryOptimized,Epdsv6,32,256,6,ARM
Standard_E32ps_v5,Standard,E32ps_v5,MemoryOptimized,EPSv5,32,208,5,ARM
Standard_E32ps_v6,Standard,E32ps_v6,MemoryOptimized,Epsv6,32,256,6,ARM
Standard_E32s_v3,Standard,E32s_v3,MemoryOptimized,ESv3,32,256,3,Intel
Standard_E32s_v4,Standard,E32s_v4,MemoryOptimized,ESv4,32,256,4,Intel
Standard_E32s_v5,Standard,E32s_v5,MemoryOptimized,ESv5,32,256,5,Intel
Standard_E32s_v6,Standard,E32s_v6,MemoryOptimized,Esv6,32,256,6,Intel
Standard_E32s_v7,Standard,E32s_v7,MemoryOptimized,Esv7,32,256,7,Intel
Standard_E32_v3,Standard,E32_v3,MemoryOptimized,Ev3,32,256,3,Intel
Standard_E32_v4,Standard,E32_v4,MemoryOptimized,Ev4,32,256,4,Intel
Standard_E32_v5,Standard,E32_v5,MemoryOptimized,Ev5,32,256,5,Intel
Standard_EC32ads_cc_v5,Standard,EC32ads_cc_v5,MemoryOptimizedConfidential,ECADCCV5,32,192,5,AMD
Standard_EC32ads_v5,Standard,EC32ads_v5,MemoryOptimizedConfidential,ECADSv5,32,192,5,AMD
Standard_EC32ads_v6,Standard,EC32ads_v6,MemoryOptimizedConfidential,ECadsv6,32,256,6,AMD
Standard_EC32as_cc_v5,Standard,EC32as_cc_v5,MemoryOptimizedConfidential,ECACCV5,32,192,5,AMD
Standard_EC32as_v5,Standard,EC32as_v5,MemoryOptimizedConfidential,ECASv5,32,192,5,AMD
Standard_EC32as_v6,Standard,EC32as_v6,MemoryOptimizedConfidential,ECasv6,32,256,6,AMD
Standard_F32-16amds_v7,Standard,F32-16amds_v7,ComputeOptimized,Famdsv7,32,256,7,AMD
Standard_F32-16ams_v7,Standard,F32-16ams_v7,ComputeOptimized,Famsv7,32,256,7,AMD
Standard_F32-8amds_v7,Standard,F32-8amds_v7,ComputeOptimized,Famdsv7,32,256,7,AMD
Standard_F32-8ams_v7,Standard,F32-8ams_v7,ComputeOptimized,Famsv7,32,256,7,AMD
Standard_F32ads_v7,Standard,F32ads_v7,ComputeOptimized,Fadsv7,32,128,7,AMD
Standard_F32alds_v7,Standard,F32alds_v7,ComputeOptimized,Faldsv7,32,64,7,AMD
Standard_F32als_v6,Standard,F32als_v6,ComputeOptimized,Falsv6,32,64,6,AMD
Standard_F32als_v7,Standard,F32als_v7,ComputeOptimized,Falsv7,32,64,7,AMD
Standard_F32amds_v7,Standard,F32amds_v7,ComputeOptimized,Famdsv7,32,256,7,AMD
Standard_F32ams_v6,Standard,F32ams_v6,ComputeOptimized,Famsv6,32,256,6,AMD
Standard_F32ams_v7,Standard,F32ams_v7,ComputeOptimized,Famsv7,32,256,7,AMD
Standard_F32as_v6,Standard,F32as_v6,ComputeOptimized,Fasv6,32,128,6,AMD
Standard_F32as_v7,Standard,F32as_v7,ComputeOptimized,Fasv7,32,128,7,AMD
Standard_F32s_v2,Standard,F32s_v2,ComputeOptimized,FSv2,32,64,2,Intel
Standard_FX32-16mds_v2,Standard,FX32-16mds_v2,ComputeOptimized,FXmdsv2,32,672,2,Intel
Standard_FX32-16ms_v2,Standard,FX32-16ms_v2,ComputeOptimized,FXmsv2,32,672,2,Intel
Standard_FX32-8mds_v2,Standard,FX32-8mds_v2,ComputeOptimized,FXmdsv2,32,672,2,Intel
Standard_FX32-8ms_v2,Standard,FX32-8ms_v2,ComputeOptimized,FXmsv2,32,672,2,Intel
Standard_FX32mds_v2,Standard,FX32mds_v2,ComputeOptimized,FXmdsv2,32,672,2,Intel
Standard_FX32ms_v2,Standard,FX32ms_v2,ComputeOptimized,FXmsv2,32,672,2,Intel
Standard_L32aos_v4,Standard,L32aos_v4,StorageOptimized,Laosv4,32,256,4,AMD
Standard_L32as_v3,Standard,L32as_v3,StorageOptimized,LASv3,32,256,3,AMD
Standard_L32as_v4,Standard,L32as_v4,StorageOptimized,Lasv4,32,256,4,AMD
Standard_L32s_v2,Standard,L32s_v2,StorageOptimized,LSv2,32,256,2,Intel
Standard_L32s_v3,Standard,L32s_v3,StorageOptimized,LSv3,32,256,3,Intel
Standard_L32s_v4,Standard,L32s_v4,StorageOptimized,Lsv4,32,256,4,Intel
Standard_M32-16ms,Standard,M32-16ms,MemoryOptimized,MS,32,875,1,Intel
Standard_M32-8ms,Standard,M32-8ms,MemoryOptimized,MS,32,875,1,Intel
Standard_M32bds_v3,Standard,M32bds_v3,MemoryOptimized,MBDSv3,32,256,3,Intel
Standard_M32bs_v3,Standard,M32bs_v3,MemoryOptimized,MBSv3,32,256,3,Intel
Standard_M32dms_v2,Standard,M32dms_v2,MemoryOptimized,MDSv2,32,875,2,Intel
Standard_M32ls,Standard,M32ls,MemoryOptimized,MS,32,256,1,Intel
Standard_M32ms,Standard,M32ms,MemoryOptimized,MS,32,875,1,Intel
Standard_M32ms_v2,Standard,M32ms_v2,MemoryOptimized,MSv2,32,875,2,Intel
Standard_M32ts,Standard,M32ts,MemoryOptimized,MS,32,192,1,Intel
Standard_NV32as_v4,Standard,NV32as_v4,GraphicsOptimized,NVv4,32,112,4,AMD
Standard_FX36mds,Standard,FX36mds,ComputeOptimized,FXMDVS,36,756,1,Intel
Standard_NV36adms_A10_v5,Standard,NV36adms_A10_v5,GPU,NVadsA10 v5,36,880,5,AMD
Standard_NV36ads_A10_v5,Standard,NV36ads_A10_v5,GPU,NVadsA10 v5,36,440,5,AMD
Standard_NC40ads_H100_v5,Standard,NC40ads_H100_v5,GPU,NCads H100 v5,40,320,5,AMD
Standard_ND40rs_v2,Standard,ND40rs_v2,GPU,NDv2,40,672,2,Intel
Standard_NP40s,Standard,NP40s,FPGAInstances,NPS,40,672,1,Intel
Standard_HC44-16rs,Standard,HC44-16rs,HighPerformanceCompute,HCS,44,352,1,Intel
Standard_HC44-32rs,Standard,HC44-32rs,HighPerformanceCompute,HCS,44,352,1,Intel
Standard_HC44rs,Standard,HC44rs,HighPerformanceCompute,HCS,44,352,1,Intel
Standard_D48ads_v5,Standard,D48ads_v5,GeneralPurpose,DADSv5,48,192,5,AMD
Standard_D48ads_v6,Standard,D48ads_v6,GeneralPurpose,Dadv6,48,192,6,AMD
Standard_D48ads_v7,Standard,D48ads_v7,GeneralPurpose,Dadsv7,48,192,7,AMD
Standard_D48alds_v6,Standard,D48alds_v6,GeneralPurpose,Daldv6,48,96,6,AMD
Standard_D48alds_v7,Standard,D48alds_v7,GeneralPurpose,Daldsv7,48,96,7,AMD
Standard_D48als_v6,Standard,D48als_v6,GeneralPurpose,Dalv6,48,96,6,AMD
Standard_D48als_v7,Standard,D48als_v7,GeneralPurpose,Dalsv7,48,96,7,AMD
Standard_D48as_v4,Standard,D48as_v4,GeneralPurpose,DASv4,48,192,4,AMD
Standard_D48as_v5,Standard,D48as_v5,GeneralPurpose,DASv5,48,192,5,AMD
Standard_D48as_v6,Standard,D48as_v6,GeneralPurpose,Dav6,48,192,6,AMD
Standard_D48as_v7,Standard,D48as_v7,GeneralPurpose,Dasv7,48,192,7,AMD
Standard_D48a_v4,Standard,D48a_v4,GeneralPurpose,DAv4,48,192,4,AMD
Standard_D48ds_v4,Standard,D48ds_v4,GeneralPurpose,DDSv4,48,192,4,Intel
Standard_D48ds_v5,Standard,D48ds_v5,GeneralPurpose,DDSv5,48,192,5,Intel
Standard_D48ds_v6,Standard,D48ds_v6,GeneralPurpose,Ddsv6,48,192,6,Intel
Standard_D48ds_v7,Standard,D48ds_v7,GeneralPurpose,Ddsv7,48,192,7,Intel
Standard_D48d_v4,Standard,D48d_v4,GeneralPurpose,DDv4,48,192,4,Intel
Standard_D48d_v5,Standard,D48d_v5,GeneralPurpose,DDv5,48,192,5,Intel
Standard_D48lds_v5,Standard,D48lds_v5,GeneralPurpose,DLDSv5,48,96,5,Intel
Standard_D48lds_v6,Standard,D48lds_v6,GeneralPurpose,Dldsv6,48,96,6,Intel
Standard_D48lds_v7,Standard,D48lds_v7,GeneralPurpose,Dldsv7,48,96,7,Intel
Standard_D48ls_v5,Standard,D48ls_v5,GeneralPurpose,DLSv5,48,96,5,Intel
Standard_D48ls_v6,Standard,D48ls_v6,GeneralPurpose,Dlsv6,48,96,6,Intel
Standard_D48ls_v7,Standard,D48ls_v7,GeneralPurpose,Dlsv7,48,96,7,Intel
Standard_D48pds_v5,Standard,D48pds_v5,GeneralPurpose,DPDSv5,48,192,5,ARM
Standard_D48pds_v6,Standard,D48pds_v6,GeneralPurpose,Dpdsv6,48,192,6,ARM
Standard_D48plds_v5,Standard,D48plds_v5,GeneralPurpose,DPLDSv5,48,96,5,ARM
Standard_D48plds_v6,Standard,D48plds_v6,GeneralPurpose,Dpldsv6,48,96,6,ARM
Standard_D48pls_v5,Standard,D48pls_v5,GeneralPurpose,DPLSv5,48,96,5,ARM
Standard_D48pls_v6,Standard,D48pls_v6,GeneralPurpose,Dplsv6,48,96,6,ARM
Standard_D48ps_v5,Standard,D48ps_v5,GeneralPurpose,DPSv5,48,192,5,ARM
Standard_D48ps_v6,Standard,D48ps_v6,GeneralPurpose,Dpsv6,48,192,6,ARM
Standard_D48s_v3,Standard,D48s_v3,GeneralPurpose,DSv3,48,192,3,Intel
Standard_D48s_v4,Standard,D48s_v4,GeneralPurpose,DSv4,48,192,4,Intel
Standard_D48s_v5,Standard,D48s_v5,GeneralPurpose,DSv5,48,192,5,Intel
Standard_D48s_v6,Standard,D48s_v6,GeneralPurpose,Dsv6,48,192,6,Intel
Standard_D48s_v7,Standard,D48s_v7,GeneralPurpose,Dsv7,48,192,7,Intel
Standard_D48_v3,Standard,D48_v3,GeneralPurpose,Dv3,48,192,3,Intel
Standard_D48_v4,Standard,D48_v4,GeneralPurpose,Dv4,48,192,4,Intel
Standard_D48_v5,Standard,D48_v5,GeneralPurpose,Dv5,48,192,5,Intel
Standard_DC48ads_cc_v5,Standard,DC48ads_cc_v5,GeneralPurposeConfidential,DCADCCV5,48,192,5,AMD
Standard_DC48ads_v5,Standard,DC48ads_v5,GeneralPurposeConfidential,DCADSv5,48,192,5,AMD
Standard_DC48ads_v6,Standard,DC48ads_v6,GeneralPurposeConfidential,DCadsv6,48,192,6,AMD
Standard_DC48as_cc_v5,Standard,DC48as_cc_v5,GeneralPurposeConfidential,DCACCV5,48,192,5,AMD
Standard_DC48as_v5,Standard,DC48as_v5,GeneralPurposeConfidential,DCASv5,48,192,5,AMD
Standard_DC48as_v6,Standard,DC48as_v6,GeneralPurposeConfidential,DCasv6,48,192,6,AMD
Standard_DC48ds_v3,Standard,DC48ds_v3,GeneralPurpose,DDCSv3,48,384,3,Intel
Standard_DC48s_v3,Standard,DC48s_v3,GeneralPurposeConfidential,DCSv3,48,384,3,Intel
Standard_E48ads_v5,Standard,E48ads_v5,MemoryOptimized,EADSv5,48,384,5,AMD
Standard_E48ads_v6,Standard,E48ads_v6,MemoryOptimized,Eadv6,48,384,6,AMD
Standard_E48ads_v7,Standard,E48ads_v7,MemoryOptimized,Eadsv7,48,384,7,AMD
Standard_E48as_v4,Standard,E48as_v4,MemoryOptimized,EASv4,48,384,4,AMD
Standard_E48as_v5,Standard,E48as_v5,MemoryOptimized,EASv5,48,384,5,AMD
Standard_E48as_v6,Standard,E48as_v6,MemoryOptimized,Eav6,48,384,6,AMD
Standard_E48as_v7,Standard,E48as_v7,MemoryOptimized,Easv7,48,384,7,AMD
Standard_E48a_v4,Standard,E48a_v4,MemoryOptimized,EAv4,48,384,4,AMD
Standard_E48bds_v5,Standard,E48bds_v5,MemoryOptimized,EBDSv5,48,384,5,Intel
Standard_E48bs_v5,Standard,E48bs_v5,MemoryOptimized,EBSv5,48,384,5,Intel
Standard_E48ds_v4,Standard,E48ds_v4,MemoryOptimized,EDSv4,48,384,4,Intel
Standard_E48ds_v5,Standard,E48ds_v5,MemoryOptimized,EDSv5,48,384,5,Intel
Standard_E48ds_v6,Standard,E48ds_v6,MemoryOptimized,Edsv6,48,384,6,Intel
Standard_E48ds_v7,Standard,E48ds_v7,MemoryOptimized,Edsv7,48,384,7,Intel
Standard_E48d_v4,Standard,E48d_v4,MemoryOptimized,EDv4,48,384,4,Intel
Standard_E48d_v5,Standard,E48d_v5,MemoryOptimized,EDv5,48,384,5,Intel
Standard_E48pds_v6,Standard,E48pds_v6,MemoryOptimized,Epdsv6,48,384,6,ARM
Standard_E48ps_v6,Standard,E48ps_v6,MemoryOptimized,Epsv6,48,384,6,ARM
Standard_E48s_v3,Standard,E48s_v3,MemoryOptimized,ESv3,48,384,3,Intel
Standard_E48s_v4,Standard,E48s_v4,MemoryOptimized,ESv4,48,384,4,Intel
Standard_E48s_v5,Standard,E48s_v5,MemoryOptimized,ESv5,48,384,5,Intel
Standard_E48s_v6,Standard,E48s_v6,MemoryOptimized,Esv6,48,384,6,Intel
Standard_E48s_v7,Standard,E48s_v7,MemoryOptimized,Esv7,48,384,7,Intel
Standard_E48_v3,Standard,E48_v3,MemoryOptimized,Ev3,48,384,3,Intel
Standard_E48_v4,Standard,E48_v4,MemoryOptimized,Ev4,48,384,4,Intel
Standard_E48_v5,Standard,E48_v5,MemoryOptimized,Ev5,48,384,5,Intel
Standard_EC48ads_cc_v5,Standard,EC48ads_cc_v5,MemoryOptimizedConfidential,ECADCCV5,48,384,5,AMD
Standard_EC48ads_v5,Standard,EC48ads_v5,MemoryOptimizedConfidential,ECADSv5,48,384,5,AMD
Standard_EC48ads_v6,Standard,EC48ads_v6,MemoryOptimizedConfidential,ECadsv6,48,384,6,AMD
Standard_EC48as_cc_v5,Standard,EC48as_cc_v5,MemoryOptimizedConfidential,ECACCV5,48,384,5,AMD
Standard_EC48as_v5,Standard,EC48as_v5,MemoryOptimizedConfidential,ECASv5,48,384,5,AMD
Standard_EC48as_v6,Standard,EC48as_v6,MemoryOptimizedConfidential,ECasv6,48,384,6,AMD
Standard_F48ads_v7,Standard,F48ads_v7,ComputeOptimized,Fadsv7,48,192,7,AMD
Standard_F48alds_v7,Standard,F48alds_v7,ComputeOptimized,Faldsv7,48,96,7,AMD
Standard_F48als_v6,Standard,F48als_v6,ComputeOptimized,Falsv6,48,96,6,AMD
Standard_F48als_v7,Standard,F48als_v7,ComputeOptimized,Falsv7,48,96,7,AMD
Standard_F48amds_v7,Standard,F48amds_v7,ComputeOptimized,Famdsv7,48,384,7,AMD
Standard_F48ams_v6,Standard,F48ams_v6,ComputeOptimized,Famsv6,48,384,6,AMD
Standard_F48ams_v7,Standard,F48ams_v7,ComputeOptimized,Famsv7,48,384,7,AMD
Standard_F48as_v6,Standard,F48as_v6,ComputeOptimized,Fasv6,48,192,6,AMD
Standard_F48as_v7,Standard,F48as_v7,ComputeOptimized,Fasv7,48,192,7,AMD
Standard_F48s_v2,Standard,F48s_v2,ComputeOptimized,FSv2,48,96,2,Intel
Standard_FX48-12mds_v2,Standard,FX48-12mds_v2,ComputeOptimized,FXmdsv2,48,1008,2,Intel
Standard_FX48-12ms_v2,Standard,FX48-12ms_v2,ComputeOptimized,FXmsv2,48,1008,2,Intel
Standard_FX48-24mds_v2,Standard,FX48-24mds_v2,ComputeOptimized,FXmdsv2,48,1008,2,Intel
Standard_FX48-24ms_v2,Standard,FX48-24ms_v2,ComputeOptimized,FXmsv2,48,1008,2,Intel
Standard_FX48mds,Standard,FX48mds,ComputeOptimized,FXMDVS,48,1008,1,Intel
Standard_FX48mds_v2,Standard,FX48mds_v2,ComputeOptimized,FXmdsv2,48,1008,2,Intel
Standard_FX48ms_v2,Standard,FX48ms_v2,ComputeOptimized,FXmsv2,48,1008,2,Intel
Standard_L48as_v3,Standard,L48as_v3,StorageOptimized,LASv3,48,384,3,AMD
Standard_L48as_v4,Standard,L48as_v4,StorageOptimized,Lasv4,48,384,4,AMD
Standard_L48s_v2,Standard,L48s_v2,StorageOptimized,LSv2,48,384,2,Intel
Standard_L48s_v3,Standard,L48s_v3,StorageOptimized,LSv3,48,384,3,Intel
Standard_L48s_v4,Standard,L48s_v4,StorageOptimized,Lsv4,48,384,4,Intel
Standard_M48bds_v3,Standard,M48bds_v3,MemoryOptimized,MBDSv3,48,384,3,Intel
Standard_M48bs_v3,Standard,M48bs_v3,MemoryOptimized,MBSv3,48,384,3,Intel
Standard_M48ds_1_v3,Standard,M48ds_1_v3,MemoryOptimized,MDSv3,48,974,3,Intel
Standard_M48s_1_v3,Standard,M48s_1_v3,MemoryOptimized,MSv3,48,974,3,Intel
Standard_NC48ads_A100_v4,Standard,NC48ads_A100_v4,GPU,NC A100 v4,48,440,4,AMD
Standard_NV48s_v3,Standard,NV48s_v3,GraphicsOptimized,NVv3,48,448,3,Intel
Standard_D64ads_v5,Standard,D64ads_v5,GeneralPurpose,DADSv5,64,256,5,AMD
Standard_D64ads_v6,Standard,D64ads_v6,GeneralPurpose,Dadv6,64,256,6,AMD
Standard_D64ads_v7,Standard,D64ads_v7,GeneralPurpose,Dadsv7,64,256,7,AMD
Standard_D64alds_v6,Standard,D64alds_v6,GeneralPurpose,Daldv6,64,128,6,AMD
Standard_D64alds_v7,Standard,D64alds_v7,GeneralPurpose,Daldsv7,64,128,7,AMD
Standard_D64als_v6,Standard,D64als_v6,GeneralPurpose,Dalv6,64,128,6,AMD
Standard_D64als_v7,Standard,D64als_v7,GeneralPurpose,Dalsv7,64,128,7,AMD
Standard_D64as_v4,Standard,D64as_v4,GeneralPurpose,DASv4,64,256,4,AMD
Standard_D64as_v5,Standard,D64as_v5,GeneralPurpose,DASv5,64,256,5,AMD
Standard_D64as_v6,Standard,D64as_v6,GeneralPurpose,Dav6,64,256,6,AMD
Standard_D64as_v7,Standard,D64as_v7,GeneralPurpose,Dasv7,64,256,7,AMD
Standard_D64a_v4,Standard,D64a_v4,GeneralPurpose,DAv4,64,256,4,AMD
Standard_D64ds_v4,Standard,D64ds_v4,GeneralPurpose,DDSv4,64,256,4,Intel
Standard_D64ds_v5,Standard,D64ds_v5,GeneralPurpose,DDSv5,64,256,5,Intel
Standard_D64ds_v6,Standard,D64ds_v6,GeneralPurpose,Ddsv6,64,256,6,Intel
Standard_D64ds_v7,Standard,D64ds_v7,GeneralPurpose,Ddsv7,64,256,7,Intel
Standard_D64d_v4,Standard,D64d_v4,GeneralPurpose,DDv4,64,256,4,Intel
Standard_D64d_v5,Standard,D64d_v5,GeneralPurpose,DDv5,64,256,5,Intel
Standard_D64lds_v5,Standard,D64lds_v5,GeneralPurpose,DLDSv5,64,128,5,Intel
Standard_D64lds_v6,Standard,D64lds_v6,GeneralPurpose,Dldsv6,64,128,6,Intel
Standard_D64lds_v7,Standard,D64lds_v7,GeneralPurpose,Dldsv7,64,128,7,Intel
Standard_D64ls_v5,Standard,D64ls_v5,GeneralPurpose,DLSv5,64,128,5,Intel
Standard_D64ls_v6,Standard,D64ls_v6,GeneralPurpose,Dlsv6,64,128,6,Intel
Standard_D64ls_v7,Standard,D64ls_v7,GeneralPurpose,Dlsv7,64,128,7,Intel
Standard_D64pds_v5,Standard,D64pds_v5,GeneralPurpose,DPDSv5,64,208,5,ARM
Standard_D64pds_v6,Standard,D64pds_v6,GeneralPurpose,Dpdsv6,64,256,6,ARM
Standard_D64plds_v5,Standard,D64plds_v5,GeneralPurpose,DPLDSv5,64,128,5,ARM
Standard_D64plds_v6,Standard,D64plds_v6,GeneralPurpose,Dpldsv6,64,128,6,ARM
Standard_D64pls_v5,Standard,D64pls_v5,GeneralPurpose,DPLSv5,64,128,5,ARM
Standard_D64pls_v6,Standard,D64pls_v6,GeneralPurpose,Dplsv6,64,128,6,ARM
Standard_D64ps_v5,Standard,D64ps_v5,GeneralPurpose,DPSv5,64,208,5,ARM
Standard_D64ps_v6,Standard,D64ps_v6,GeneralPurpose,Dpsv6,64,256,6,ARM
Standard_D64s_v3,Standard,D64s_v3,GeneralPurpose,DSv3,64,256,3,Intel
Standard_D64s_v4,Standard,D64s_v4,GeneralPurpose,DSv4,64,256,4,Intel
Standard_D64s_v5,Standard,D64s_v5,GeneralPurpose,DSv5,64,256,5,Intel
Standard_D64s_v6,Standard,D64s_v6,GeneralPurpose,Dsv6,64,256,6,Intel
Standard_D64s_v7,Standard,D64s_v7,GeneralPurpose,Dsv7,64,256,7,Intel
Standard_D64_v3,Standard,D64_v3,GeneralPurpose,Dv3,64,256,3,Intel
Standard_D64_v4,Standard,D64_v4,GeneralPurpose,Dv4,64,256,4,Intel
Standard_D64_v5,Standard,D64_v5,GeneralPurpose,Dv5,64,256,5,Intel
Standard_DC64ads_cc_v5,Standard,DC64ads_cc_v5,GeneralPurposeConfidential,DCADCCV5,64,256,5,AMD
Standard_DC64ads_v5,Standard,DC64ads_v5,GeneralPurposeConfidential,DCADSv5,64,256,5,AMD
Standard_DC64ads_v6,Standard,DC64ads_v6,GeneralPurposeConfidential,DCadsv6,64,256,6,AMD
Standard_DC64as_cc_v5,Standard,DC64as_cc_v5,GeneralPurposeConfidential,DCACCV5,64,256,5,AMD
Standard_DC64as_v5,Standard,DC64as_v5,GeneralPurposeConfidential,DCASv5,64,256,5,AMD
Standard_DC64as_v6,Standard,DC64as_v6,GeneralPurposeConfidential,DCasv6,64,256,6,AMD
Standard_E64-16ads_v5,Standard,E64-16ads_v5,MemoryOptimized,EADSv5,64,512,5,AMD
Standard_E64-16ads_v7,Standard,E64-16ads_v7,MemoryOptimized,Eadsv7,64,512,7,AMD
Standard_E64-16as_v4,Standard,E64-16as_v4,MemoryOptimized,EASv4,64,512,4,AMD
Standard_E64-16as_v5,Standard,E64-16as_v5,MemoryOptimized,EASv5,64,512,5,AMD
Standard_E64-16as_v7,Standard,E64-16as_v7,MemoryOptimized,Easv7,64,512,7,AMD
Standard_E64-16ds_v4,Standard,E64-16ds_v4,MemoryOptimized,EDSv4,64,504,4,Intel
Standard_E64-16ds_v5,Standard,E64-16ds_v5,MemoryOptimized,EDSv5,64,512,5,Intel
Standard_E64-16ds_v6,Standard,E64-16ds_v6,MemoryOptimized,Edsv6,64,512,6,Intel
Standard_E64-16s_v3,Standard,E64-16s_v3,MemoryOptimized,ESv3,64,432,3,Intel
Standard_E64-16s_v4,Standard,E64-16s_v4,MemoryOptimized,ESv4,64,504,4,Intel
Standard_E64-16s_v5,Standard,E64-16s_v5,MemoryOptimized,ESv5,64,512,5,Intel
Standard_E64-16s_v6,Standard,E64-16s_v6,MemoryOptimized,Esv6,64,512,6,Intel
Standard_E64-32ads_v5,Standard,E64-32ads_v5,MemoryOptimized,EADSv5,64,512,5,AMD
Standard_E64-32ads_v7,Standard,E64-32ads_v7,MemoryOptimized,Eadsv7,64,512,7,AMD
Standard_E64-32as_v4,Standard,E64-32as_v4,MemoryOptimized,EASv4,64,512,4,AMD
Standard_E64-32as_v5,Standard,E64-32as_v5,MemoryOptimized,EASv5,64,512,5,AMD
Standard_E64-32as_v7,Standard,E64-32as_v7,MemoryOptimized,Easv7,64,512,7,AMD
Standard_E64-32ds_v4,Standard,E64-32ds_v4,MemoryOptimized,EDSv4,64,504,4,Intel
Standard_E64-32ds_v5,Standard,E64-32ds_v5,MemoryOptimized,EDSv5,64,512,5,Intel
Standard_E64-32ds_v6,Standard,E64-32ds_v6,MemoryOptimized,Edsv6,64,512,6,Intel
Standard_E64-32s_v3,Standard,E64-32s_v3,MemoryOptimized,ESv3,64,432,3,Intel
Standard_E64-32s_v4,Standard,E64-32s_v4,MemoryOptimized,ESv4,64,504,4,Intel
Standard_E64-32s_v5,Standard,E64-32s_v5,MemoryOptimized,ESv5,64,512,5,Intel
Standard_E64-32s_v6,Standard,E64-32s_v6,MemoryOptimized,Esv6,64,512,6,Intel
Standard_E64ads_v5,Standard,E64ads_v5,MemoryOptimized,EADSv5,64,512,5,AMD
Standard_E64ads_v6,Standard,E64ads_v6,MemoryOptimized,Eadv6,64,512,6,AMD
Standard_E64ads_v7,Standard,E64ads_v7,MemoryOptimized,Eadsv7,64,512,7,AMD
Standard_E64as_v4,Standard,E64as_v4,MemoryOptimized,EASv4,64,512,4,AMD
Standard_E64as_v5,Standard,E64as_v5,MemoryOptimized,EASv5,64,512,5,AMD
Standard_E64as_v6,Standard,E64as_v6,MemoryOptimized,Eav6,64,512,6,AMD
Standard_E64as_v7,Standard,E64as_v7,MemoryOptimized,Easv7,64,512,7,AMD
Standard_E64a_v4,Standard,E64a_v4,MemoryOptimized,EAv4,64,512,4,AMD
Standard_E64bds_v5,Standard,E64bds_v5,MemoryOptimized,EBDSv5,64,512,5,Intel
Standard_E64bs_v5,Standard,E64bs_v5,MemoryOptimized,EBSv5,64,512,5,Intel
Standard_E64ds_v4,Standard,E64ds_v4,MemoryOptimized,EDSv4,64,504,4,Intel
Standard_E64ds_v5,Standard,E64ds_v5,MemoryOptimized,EDSv5,64,512,5,Intel
Standard_E64ds_v6,Standard,E64ds_v6,MemoryOptimized,Edsv6,64,512,6,Intel
Standard_E64ds_v7,Standard,E64ds_v7,MemoryOptimized,Edsv7,64,512,7,Intel
Standard_E64d_v4,Standard,E64d_v4,MemoryOptimized,EDv4,64,504,4,Intel
Standard_E64d_v5,Standard,E64d_v5,MemoryOptimized,EDv5,64,512,5,Intel
Standard_E64pds_v6,Standard,E64pds_v6,MemoryOptimized,Epdsv6,64,512,6,ARM
Standard_E64ps_v6,Standard,E64ps_v6,MemoryOptimized,Epsv6,64,512,6,ARM
Standard_E64s_v3,Standard,E64s_v3,MemoryOptimized,ESv3,64,432,3,Intel
Standard_E64s_v4,Standard,E64s_v4,MemoryOptimized,ESv4,64,504,4,Intel
Standard_E64s_v5,Standard,E64s_v5,MemoryOptimized,ESv5,64,512,5,Intel
Standard_E64s_v6,Standard,E64s_v6,MemoryOptimized,Esv6,64,512,6,Intel
Standard_E64s_v7,Standard,E64s_v7,MemoryOptimized,Esv7,64,512,7,Intel
Standard_E64_v3,Standard,E64_v3,MemoryOptimized,Ev3,64,432,3,Intel
Standard_E64_v4,Standard,E64_v4,MemoryOptimized,Ev4,64,504,4,Intel
Standard_E64_v5,Standard,E64_v5,MemoryOptimized,Ev5,64,512,5,Intel
Standard_EC64ads_cc_v5,Standard,EC64ads_cc_v5,MemoryOptimizedConfidential,ECADCCV5,64,512,5,AMD
Standard_EC64ads_v5,Standard,EC64ads_v5,MemoryOptimizedConfidential,ECADSv5,64,512,5,AMD
Standard_EC64ads_v6,Standard,EC64ads_v6,MemoryOptimizedConfidential,ECadsv6,64,512,6,AMD
Standard_EC64as_cc_v5,Standard,EC64as_cc_v5,MemoryOptimizedConfidential,ECACCV5,64,512,5,AMD
Standard_EC64as_v5,Standard,EC64as_v5,MemoryOptimizedConfidential,ECASv5,64,512,5,AMD
Standard_EC64as_v6,Standard,EC64as_v6,MemoryOptimizedConfidential,ECasv6,64,512,6,AMD
Standard_F64-16amds_v7,Standard,F64-16amds_v7,ComputeOptimized,Famdsv7,64,512,7,AMD
Standard_F64-16ams_v7,Standard,F64-16ams_v7,ComputeOptimized,Famsv7,80,512,7,AMD
Standard_F64-32amds_v7,Standard,F64-32amds_v7,ComputeOptimized,Famdsv7,64,512,7,AMD
Standard_F64-32ams_v7,Standard,F64-32ams_v7,ComputeOptimized,Famsv7,64,512,7,AMD
Standard_F64ads_v7,Standard,F64ads_v7,ComputeOptimized,Fadsv7,64,256,7,AMD
Standard_F64alds_v7,Standard,F64alds_v7,ComputeOptimized,Faldsv7,64,128,7,AMD
Standard_F64als_v6,Standard,F64als_v6,ComputeOptimized,Falsv6,64,128,6,AMD
Standard_F64als_v7,Standard,F64als_v7,ComputeOptimized,Falsv7,64,128,7,AMD
Standard_F64amds_v7,Standard,F64amds_v7,ComputeOptimized,Famdsv7,64,512,7,AMD
Standard_F64ams_v6,Standard,F64ams_v6,ComputeOptimized,Famsv6,64,512,6,AMD
Standard_F64ams_v7,Standard,F64ams_v7,ComputeOptimized,Famsv7,64,512,7,AMD
Standard_F64as_v6,Standard,F64as_v6,ComputeOptimized,Fasv6,64,256,6,AMD
Standard_F64as_v7,Standard,F64as_v7,ComputeOptimized,Fasv7,64,256,7,AMD
Standard_F64s_v2,Standard,F64s_v2,ComputeOptimized,FSv2,64,128,2,Intel
Standard_FX64-16mds_v2,Standard,FX64-16mds_v2,ComputeOptimized,FXmdsv2,64,1344,2,Intel
Standard_FX64-16ms_v2,Standard,FX64-16ms_v2,ComputeOptimized,FXmsv2,64,1344,2,Intel
Standard_FX64-32mds_v2,Standard,FX64-32mds_v2,ComputeOptimized,FXmdsv2,64,1344,2,Intel
Standard_FX64-32ms_v2,Standard,FX64-32ms_v2,ComputeOptimized,FXmsv2,64,1344,2,Intel
Standard_FX64mds_v2,Standard,FX64mds_v2,ComputeOptimized,FXmdsv2,64,1344,2,Intel
Standard_FX64ms_v2,Standard,FX64ms_v2,ComputeOptimized,FXmsv2,64,1344,2,Intel
Standard_L64as_v3,Standard,L64as_v3,StorageOptimized,LASv3,64,512,3,AMD
Standard_L64as_v4,Standard,L64as_v4,StorageOptimized,Lasv4,64,512,4,AMD
Standard_L64s_v2,Standard,L64s_v2,StorageOptimized,LSv2,64,512,2,Intel
Standard_L64s_v3,Standard,L64s_v3,StorageOptimized,LSv3,64,512,3,Intel
Standard_L64s_v4,Standard,L64s_v4,StorageOptimized,Lsv4,64,512,4,Intel
Standard_M64,Standard,M64,MemoryOptimized,MS,64,1024,1,Intel
Standard_M64-16ms,Standard,M64-16ms,MemoryOptimized,MS,64,1792,1,Intel
Standard_M64-32bds_1_v3,Standard,M64-32bds_1_v3,MemoryOptimized,MBDSv3,64,1397,3,Intel
Standard_M64-32ms,Standard,M64-32ms,MemoryOptimized,MS,64,1792,1,Intel
Standard_M64bds_1_v3,Standard,M64bds_1_v3,MemoryOptimized,MBDSv3,64,1397,3,Intel
Standard_M64bds_v3,Standard,M64bds_v3,MemoryOptimized,MBDSv3,64,512,3,Intel
Standard_M64bs_v3,Standard,M64bs_v3,MemoryOptimized,MBSv3,64,512,3,Intel
Standard_M64dms_v2,Standard,M64dms_v2,MemoryOptimized,MDSv2,64,1792,2,Intel
Standard_M64ds_v2,Standard,M64ds_v2,MemoryOptimized,MDSv2,64,1024,2,Intel
Standard_M64ls,Standard,M64ls,MemoryOptimized,MS,64,512,1,Intel
Standard_M64m,Standard,M64m,MemoryOptimized,MS,64,1792,1,Intel
Standard_M64ms,Standard,M64ms,MemoryOptimized,MS,64,1792,1,Intel
Standard_M64ms_v2,Standard,M64ms_v2,MemoryOptimized,MSv2,64,1792,2,Intel
Standard_M64s,Standard,M64s,MemoryOptimized,MS,64,1024,1,Intel
Standard_M64s_v2,Standard,M64s_v2,MemoryOptimized,MSv2,64,1024,2,Intel
Standard_NC64as_T4_v3,Standard,NC64as_T4_v3,GPU,NCasT4_v3,64,440,3,AMD
Standard_F72s_v2,Standard,F72s_v2,ComputeOptimized,FSv2,72,144,2,Intel
Standard_NV72ads_A10_v5,Standard,NV72ads_A10_v5,GPU,NVadsA10 v5,72,880,5,AMD
Standard_E80ids_v4,Standard,E80ids_v4,MemoryOptimized,XEIDSv4,80,504,4,Intel
Standard_E80is_v4,Standard,E80is_v4,MemoryOptimized,XEISv4,80,504,4,Intel
Standard_F80ads_v7,Standard,F80ads_v7,ComputeOptimized,Fadsv7,80,320,7,AMD
Standard_F80alds_v7,Standard,F80alds_v7,ComputeOptimized,Faldsv7,80,160,7,AMD
Standard_F80als_v7,Standard,F80als_v7,ComputeOptimized,Falsv7,80,160,7,AMD
Standard_F80amds_v7,Standard,F80amds_v7,ComputeOptimized,Famdsv7,80,640,7,AMD
Standard_F80ams_v7,Standard,F80ams_v7,ComputeOptimized,Famsv7,80,640,7,AMD
Standard_F80as_v7,Standard,F80as_v7,ComputeOptimized,Fasv7,80,320,7,AMD
Standard_L80as_v3,Standard,L80as_v3,StorageOptimized,LASv3,80,640,3,AMD
Standard_L80as_v4,Standard,L80as_v4,StorageOptimized,Lasv4,80,640,4,AMD
Standard_L80s_v2,Standard,L80s_v2,StorageOptimized,LSv2,80,640,2,Intel
Standard_L80s_v3,Standard,L80s_v3,StorageOptimized,LSv3,80,640,3,Intel
Standard_L80s_v4,Standard,L80s_v4,StorageOptimized,Lsv4,80,640,4,Intel
Standard_NC80adis_H100_v5,Standard,NC80adis_H100_v5,GPU,NCads H100 v5,80,640,5,AMD
Standard_D96ads_v5,Standard,D96ads_v5,GeneralPurpose,DADSv5,96,384,5,AMD
Standard_D96ads_v6,Standard,D96ads_v6,GeneralPurpose,Dadv6,96,384,6,AMD
Standard_D96ads_v7,Standard,D96ads_v7,GeneralPurpose,Dadsv7,96,384,7,AMD
Standard_D96alds_v6,Standard,D96alds_v6,GeneralPurpose,Daldv6,96,192,6,AMD
Standard_D96alds_v7,Standard,D96alds_v7,GeneralPurpose,Daldsv7,96,192,7,AMD
Standard_D96als_v6,Standard,D96als_v6,GeneralPurpose,Dalv6,96,192,6,AMD
Standard_D96als_v7,Standard,D96als_v7,GeneralPurpose,Dalsv7,96,192,7,AMD
Standard_D96as_v4,Standard,D96as_v4,GeneralPurpose,DASv4,96,384,4,AMD
Standard_D96as_v5,Standard,D96as_v5,GeneralPurpose,DASv5,96,384,5,AMD
Standard_D96as_v6,Standard,D96as_v6,GeneralPurpose,Dav6,96,384,6,AMD
Standard_D96as_v7,Standard,D96as_v7,GeneralPurpose,Dasv7,96,384,7,AMD
Standard_D96a_v4,Standard,D96a_v4,GeneralPurpose,DAv4,96,384,4,AMD
Standard_D96ds_v5,Standard,D96ds_v5,GeneralPurpose,DDSv5,96,384,5,Intel
Standard_D96ds_v6,Standard,D96ds_v6,GeneralPurpose,Ddsv6,96,384,6,Intel
Standard_D96ds_v7,Standard,D96ds_v7,GeneralPurpose,Ddsv7,96,384,7,Intel
Standard_D96d_v5,Standard,D96d_v5,GeneralPurpose,DDv5,96,384,5,Intel
Standard_D96lds_v5,Standard,D96lds_v5,GeneralPurpose,DLDSv5,96,192,5,Intel
Standard_D96lds_v6,Standard,D96lds_v6,GeneralPurpose,Dldsv6,96,192,6,Intel
Standard_D96lds_v7,Standard,D96lds_v7,GeneralPurpose,Dldsv7,96,192,7,Intel
Standard_D96ls_v5,Standard,D96ls_v5,GeneralPurpose,DLSv5,96,192,5,Intel
Standard_D96ls_v6,Standard,D96ls_v6,GeneralPurpose,Dlsv6,96,192,6,Intel
Standard_D96ls_v7,Standard,D96ls_v7,GeneralPurpose,Dlsv7,96,192,7,Intel
Standard_D96pds_v6,Standard,D96pds_v6,GeneralPurpose,Dpdsv6,96,384,6,ARM
Standard_D96plds_v6,Standard,D96plds_v6,GeneralPurpose,Dpldsv6,96,192,6,ARM
Standard_D96pls_v6,Standard,D96pls_v6,GeneralPurpose,Dplsv6,96,192,6,ARM
Standard_D96ps_v6,Standard,D96ps_v6,GeneralPurpose,Dpsv6,96,384,6,ARM
Standard_D96s_v5,Standard,D96s_v5,GeneralPurpose,DSv5,96,384,5,Intel
Standard_D96s_v6,Standard,D96s_v6,GeneralPurpose,Dsv6,96,384,6,Intel
Standard_D96s_v7,Standard,D96s_v7,GeneralPurpose,Dsv7,96,384,7,Intel
Standard_D96_v5,Standard,D96_v5,GeneralPurpose,Dv5,96,384,5,Intel
Standard_DC96ads_cc_v5,Standard,DC96ads_cc_v5,GeneralPurposeConfidential,DCADCCV5,96,384,5,AMD
Standard_DC96ads_v5,Standard,DC96ads_v5,GeneralPurposeConfidential,DCADSv5,96,384,5,AMD
Standard_DC96ads_v6,Standard,DC96ads_v6,GeneralPurposeConfidential,DCadsv6,96,384,6,AMD
Standard_DC96as_cc_v5,Standard,DC96as_cc_v5,GeneralPurposeConfidential,DCACCV5,96,384,5,AMD
Standard_DC96as_v5,Standard,DC96as_v5,GeneralPurposeConfidential,DCASv5,96,384,5,AMD
Standard_DC96as_v6,Standard,DC96as_v6,GeneralPurposeConfidential,DCasv6,96,384,6,AMD
Standard_E96-24ads_v5,Standard,E96-24ads_v5,MemoryOptimized,EADSv5,96,672,5,AMD
Standard_E96-24ads_v6,Standard,E96-24ads_v6,MemoryOptimized,Eadv6,96,672,6,AMD
Standard_E96-24ads_v7,Standard,E96-24ads_v7,MemoryOptimized,Eadsv7,96,768,7,AMD
Standard_E96-24as_v4,Standard,E96-24as_v4,MemoryOptimized,EASv4,96,672,4,AMD
Standard_E96-24as_v5,Standard,E96-24as_v5,MemoryOptimized,EASv5,96,672,5,AMD
Standard_E96-24as_v7,Standard,E96-24as_v7,MemoryOptimized,Easv7,96,768,7,AMD
Standard_E96-24ds_v5,Standard,E96-24ds_v5,MemoryOptimized,EDSv5,96,672,5,Intel
Standard_E96-24ds_v6,Standard,E96-24ds_v6,MemoryOptimized,Edsv6,96,768,6,Intel
Standard_E96-24s_v5,Standard,E96-24s_v5,MemoryOptimized,ESv5,96,672,5,Intel
Standard_E96-24s_v6,Standard,E96-24s_v6,MemoryOptimized,Esv6,96,768,6,Intel
Standard_E96-48ads_v5,Standard,E96-48ads_v5,MemoryOptimized,EADSv5,96,672,5,AMD
Standard_E96-48ads_v6,Standard,E96-48ads_v6,MemoryOptimized,Eadv6,96,672,6,AMD
Standard_E96-48ads_v7,Standard,E96-48ads_v7,MemoryOptimized,Eadsv7,96,768,7,AMD
Standard_E96-48as_v4,Standard,E96-48as_v4,MemoryOptimized,EASv4,96,672,4,AMD
Standard_E96-48as_v5,Standard,E96-48as_v5,MemoryOptimized,EASv5,96,672,5,AMD
Standard_E96-48as_v7,Standard,E96-48as_v7,MemoryOptimized,Easv7,96,768,7,AMD
Standard_E96-48ds_v5,Standard,E96-48ds_v5,MemoryOptimized,EDSv5,96,672,5,Intel
Standard_E96-48ds_v6,Standard,E96-48ds_v6,MemoryOptimized,Edsv6,96,768,6,Intel
Standard_E96-48s_v5,Standard,E96-48s_v5,MemoryOptimized,ESv5,96,672,5,Intel
Standard_E96-48s_v6,Standard,E96-48s_v6,MemoryOptimized,Esv6,96,768,6,Intel
Standard_E96ads_v5,Standard,E96ads_v5,MemoryOptimized,EADSv5,96,672,5,AMD
Standard_E96ads_v6,Standard,E96ads_v6,MemoryOptimized,Eadv6,96,672,6,AMD
Standard_E96ads_v7,Standard,E96ads_v7,MemoryOptimized,Eadsv7,96,768,7,AMD
Standard_E96as_v4,Standard,E96as_v4,MemoryOptimized,EASv4,96,672,4,AMD
Standard_E96as_v5,Standard,E96as_v5,MemoryOptimized,EASv5,96,672,5,AMD
Standard_E96as_v6,Standard,E96as_v6,MemoryOptimized,Eav6,96,672,6,AMD
Standard_E96as_v7,Standard,E96as_v7,MemoryOptimized,Easv7,96,768,7,AMD
Standard_E96a_v4,Standard,E96a_v4,MemoryOptimized,EAv4,96,672,4,AMD
Standard_E96bds_v5,Standard,E96bds_v5,MemoryOptimized,EBDSv5,96,672,5,Intel
Standard_E96bs_v5,Standard,E96bs_v5,MemoryOptimized,EBSv5,96,672,5,Intel
Standard_E96ds_v5,Standard,E96ds_v5,MemoryOptimized,EDSv5,96,672,5,Intel
Standard_E96ds_v6,Standard,E96ds_v6,MemoryOptimized,Edsv6,96,768,6,Intel
Standard_E96ds_v7,Standard,E96ds_v7,MemoryOptimized,Edsv7,96,768,7,Intel
Standard_E96d_v5,Standard,E96d_v5,MemoryOptimized,EDv5,96,672,5,Intel
Standard_E96pds_v6,Standard,E96pds_v6,MemoryOptimized,Epdsv6,96,672,6,ARM
Standard_E96ps_v6,Standard,E96ps_v6,MemoryOptimized,Epsv6,96,672,6,ARM
Standard_E96s_v5,Standard,E96s_v5,MemoryOptimized,ESv5,96,672,5,Intel
Standard_E96s_v6,Standard,E96s_v6,MemoryOptimized,Esv6,96,768,6,Intel
Standard_E96s_v7,Standard,E96s_v7,MemoryOptimized,Esv7,96,768,7,Intel
Standard_E96_v5,Standard,E96_v5,MemoryOptimized,Ev5,96,672,5,Intel
Standard_EC96ads_cc_v5,Standard,EC96ads_cc_v5,MemoryOptimizedConfidential,ECADCCV5,96,672,5,AMD
Standard_EC96ads_v5,Standard,EC96ads_v5,MemoryOptimizedConfidential,ECADSv5,96,672,5,AMD
Standard_EC96ads_v6,Standard,EC96ads_v6,MemoryOptimizedConfidential,ECadsv6,96,672,6,AMD
Standard_EC96as_cc_v5,Standard,EC96as_cc_v5,MemoryOptimizedConfidential,ECACCV5,96,672,5,AMD
Standard_EC96as_v5,Standard,EC96as_v5,MemoryOptimizedConfidential,ECASv5,96,672,5,AMD
Standard_EC96as_v6,Standard,EC96as_v6,MemoryOptimizedConfidential,ECasv6,96,672,6,AMD
Standard_EC96iads_v5,Standard,EC96iads_v5,MemoryOptimizedConfidential,ECIADSv5,96,672,5,AMD
Standard_EC96ias_v5,Standard,EC96ias_v5,MemoryOptimizedConfidential,ECIASv5,96,672,5,AMD
Standard_FX96-24mds_v2,Standard,FX96-24mds_v2,ComputeOptimized,FXmdsv2,96,1832,2,Intel
Standard_FX96-24ms_v2,Standard,FX96-24ms_v2,ComputeOptimized,FXmsv2,96,1832,2,Intel
Standard_FX96-48mds_v2,Standard,FX96-48mds_v2,ComputeOptimized,FXmdsv2,96,1832,2,Intel
Standard_FX96-48ms_v2,Standard,FX96-48ms_v2,ComputeOptimized,FXmsv2,96,1832,2,Intel
Standard_FX96mds_v2,Standard,FX96mds_v2,ComputeOptimized,FXmdsv2,96,1832,2,Intel
Standard_FX96ms_v2,Standard,FX96ms_v2,ComputeOptimized,FXmsv2,96,1832,2,Intel
Standard_L96as_v4,Standard,L96as_v4,StorageOptimized,Lasv4,96,768,4,AMD
Standard_L96s_v4,Standard,L96s_v4,StorageOptimized,Lsv4,96,768,4,Intel
Standard_M96-48bds_2_v3,Standard,M96-48bds_2_v3,MemoryOptimized,MBDSv3,96,1946,3,Intel
Standard_M96bds_2_v3,Standard,M96bds_2_v3,MemoryOptimized,MBDSv3,96,1946,3,Intel
Standard_M96bds_v3,Standard,M96bds_v3,MemoryOptimized,MBDSv3,96,768,3,Intel
Standard_M96bs_v3,Standard,M96bs_v3,MemoryOptimized,MBSv3,96,768,3,Intel
Standard_M96ds_1_v3,Standard,M96ds_1_v3,MemoryOptimized,MDSv3,96,974,3,Intel
Standard_M96ds_2_v3,Standard,M96ds_2_v3,MemoryOptimized,MDSv3,96,1946,3,Intel
Standard_M96s_1_v3,Standard,M96s_1_v3,MemoryOptimized,MSv3,96,974,3,Intel
Standard_M96s_2_v3,Standard,M96s_2_v3,MemoryOptimized,MSv3,96,1946,3,Intel
Standard_NC96ads_A100_v4,Standard,NC96ads_A100_v4,GPU,NC A100 v4,96,880,4,AMD
Standard_ND96amsr_A100_v4,Standard,ND96amsr_A100_v4,GPU,NDm A100 v4,96,1800,4,AMD
Standard_ND96asr_v4,Standard,ND96asr_v4,GPU,ND A100 v4,96,900,4,AMD
Standard_ND96isr_H100_v5,Standard,ND96isr_H100_v5,GPU,ND H100 v5,96,1900,5,Intel
Standard_E104ids_v5,Standard,E104ids_v5,MemoryOptimized,EIDSv5,104,672,5,Intel
Standard_E104id_v5,Standard,E104id_v5,MemoryOptimized,EIDv5,104,672,5,Intel
Standard_E104is_v5,Standard,E104is_v5,MemoryOptimized,EISv5,104,672,5,Intel
Standard_E104i_v5,Standard,E104i_v5,MemoryOptimized,EIv5,104,672,5,Intel
Standard_E112iads_v5,Standard,E112iads_v5,MemoryOptimized,EIADSv5,112,672,5,AMD
Standard_E112ias_v5,Standard,E112ias_v5,MemoryOptimized,EIASv5,112,672,5,AMD
Standard_E112ibds_v5,Standard,E112ibds_v5,MemoryOptimized,EIBDSv5,112,672,5,Intel
Standard_E112ibs_v5,Standard,E112ibs_v5,MemoryOptimized,EIBSv5,112,672,5,Intel
Standard_HB120-16rs_v2,Standard,HB120-16rs_v2,HighPerformanceCompute,HBrsv2,120,456,2,Intel
Standard_HB120-16rs_v3,Standard,HB120-16rs_v3,HighPerformanceCompute,HBv3,120,456,3,Intel
Standard_HB120-32rs_v2,Standard,HB120-32rs_v2,HighPerformanceCompute,HBrsv2,120,456,2,Intel
Standard_HB120-32rs_v3,Standard,HB120-32rs_v3,HighPerformanceCompute,HBv3,120,456,3,Intel
Standard_HB120-64rs_v2,Standard,HB120-64rs_v2,HighPerformanceCompute,HBrsv2,120,456,2,Intel
Standard_HB120-64rs_v3,Standard,HB120-64rs_v3,HighPerformanceCompute,HBv3,120,456,3,Intel
Standard_HB120-96rs_v2,Standard,HB120-96rs_v2,HighPerformanceCompute,HBrsv2,120,456,2,Intel
Standard_HB120-96rs_v3,Standard,HB120-96rs_v3,HighPerformanceCompute,HBv3,120,456,3,Intel
Standard_HB120rs_v2,Standard,HB120rs_v2,HighPerformanceCompute,HBrsv2,120,456,2,Intel
Standard_HB120rs_v3,Standard,HB120rs_v3,HighPerformanceCompute,HBv3,120,456,3,Intel
Standard_D128ads_v7,Standard,D128ads_v7,GeneralPurpose,Dadsv7,128,512,7,AMD
Standard_D128alds_v7,Standard,D128alds_v7,GeneralPurpose,Daldsv7,128,256,7,AMD
Standard_D128als_v7,Standard,D128als_v7,GeneralPurpose,Dalsv7,128,256,7,AMD
Standard_D128as_v7,Standard,D128as_v7,GeneralPurpose,Dasv7,128,512,7,AMD
Standard_D128ds_v6,Standard,D128ds_v6,GeneralPurpose,Ddsv6,128,512,6,Intel
Standard_D128ds_v7,Standard,D128ds_v7,GeneralPurpose,Ddsv7,128,512,7,Intel
Standard_D128lds_v6,Standard,D128lds_v6,GeneralPurpose,Dldsv6,128,256,6,Intel
Standard_D128lds_v7,Standard,D128lds_v7,GeneralPurpose,Dldsv7,128,256,7,Intel
Standard_D128ls_v6,Standard,D128ls_v6,GeneralPurpose,Dlsv6,128,256,6,Intel
Standard_D128ls_v7,Standard,D128ls_v7,GeneralPurpose,Dlsv7,128,256,7,Intel
Standard_D128s_v6,Standard,D128s_v6,GeneralPurpose,Dsv6,128,512,6,Intel
Standard_D128s_v7,Standard,D128s_v7,GeneralPurpose,Dsv7,128,512,7,Intel
Standard_E128-32ads_v7,Standard,E128-32ads_v7,MemoryOptimized,Eadsv7,128,1024,7,AMD
Standard_E128-32as_v7,Standard,E128-32as_v7,MemoryOptimized,Easv7,128,1024,7,AMD
Standard_E128-32ds_v6,Standard,E128-32ds_v6,MemoryOptimized,Edsv6,128,1024,6,Intel
Standard_E128-32s_v6,Standard,E128-32s_v6,MemoryOptimized,Esv6,128,1024,6,Intel
Standard_E128-64ads_v7,Standard,E128-64ads_v7,MemoryOptimized,Eadsv7,128,1024,7,AMD
Standard_E128-64as_v7,Standard,E128-64as_v7,MemoryOptimized,Easv7,128,1024,7,AMD
Standard_E128-64ds_v6,Standard,E128-64ds_v6,MemoryOptimized,Edsv6,128,1024,6,Intel
Standard_E128-64s_v6,Standard,E128-64s_v6,MemoryOptimized,Esv6,128,1024,6,Intel
Standard_E128ads_v7,Standard,E128ads_v7,MemoryOptimized,Eadsv7,128,1024,7,AMD
Standard_E128as_v7,Standard,E128as_v7,MemoryOptimized,Easv7,128,1024,7,AMD
Standard_E128ds_v6,Standard,E128ds_v6,MemoryOptimized,Edsv6,128,1024,6,Intel
Standard_E128ds_v7,Standard,E128ds_v7,MemoryOptimized,Edsv7,128,1024,7,Intel
Standard_E128s_v6,Standard,E128s_v6,MemoryOptimized,Esv6,128,1024,6,Intel
Standard_E128s_v7,Standard,E128s_v7,MemoryOptimized,Esv7,128,1024,7,Intel
Standard_M128,Standard,M128,MemoryOptimized,MS,128,2048,1,Intel
Standard_M128-32ms,Standard,M128-32ms,MemoryOptimized,MS,128,3892,1,Intel
Standard_M128-64bds_3_v3,Standard,M128-64bds_3_v3,MemoryOptimized,MBDSv3,128,2794,3,Intel
Standard_M128-64bds_v3,Standard,M128-64bds_v3,MemoryOptimized,MBDSv3,128,1024,3,Intel
Standard_M128-64bs_v3,Standard,M128-64bs_v3,MemoryOptimized,MBSv3,128,1024,3,Intel
Standard_M128-64ms,Standard,M128-64ms,MemoryOptimized,MS,128,3892,1,Intel
Standard_M128bds_3_v3,Standard,M128bds_3_v3,MemoryOptimized,MBDSv3,128,2794,3,Intel
Standard_M128bds_v3,Standard,M128bds_v3,MemoryOptimized,MBDSv3,128,1024,3,Intel
Standard_M128bs_v3,Standard,M128bs_v3,MemoryOptimized,MBSv3,128,1024,3,Intel
Standard_M128dms_v2,Standard,M128dms_v2,MemoryOptimized,MDSv2,128,3892,2,Intel
Standard_M128ds_v2,Standard,M128ds_v2,MemoryOptimized,MDSv2,128,2048,2,Intel
Standard_M128m,Standard,M128m,MemoryOptimized,MS,128,3892,1,Intel
Standard_M128ms,Standard,M128ms,MemoryOptimized,MS,128,3892,1,Intel
Standard_M128ms_v2,Standard,M128ms_v2,MemoryOptimized,MSv2,128,3892,2,Intel
Standard_M128s,Standard,M128s,MemoryOptimized,MS,128,2048,1,Intel
Standard_M128s_v2,Standard,M128s_v2,MemoryOptimized,MSv2,128,2048,2,Intel
Standard_ND128isr_NDR_GB200_v6,Standard,ND128isr_NDR_GB200_v6,GPU,ND GB200 v6,128,864,6,Intel
Standard_D160ads_v7,Standard,D160ads_v7,GeneralPurpose,Dadsv7,160,640,7,AMD
Standard_D160alds_v7,Standard,D160alds_v7,GeneralPurpose,Daldsv7,160,320,7,AMD
Standard_D160als_v7,Standard,D160als_v7,GeneralPurpose,Dalsv7,160,320,7,AMD
Standard_D160as_v7,Standard,D160as_v7,GeneralPurpose,Dasv7,160,640,7,AMD
Standard_E160ads_v7,Standard,E160ads_v7,MemoryOptimized,Eadsv7,160,1280,7,AMD
Standard_E160as_v7,Standard,E160as_v7,MemoryOptimized,Easv7,160,1280,7,AMD
Standard_HB176-144rs_v4,Standard,HB176-144rs_v4,HighPerformanceCompute,HBv4,176,768,4,Intel
Standard_HB176-24rs_v4,Standard,HB176-24rs_v4,HighPerformanceCompute,HBv4,176,768,4,Intel
Standard_HB176-48rs_v4,Standard,HB176-48rs_v4,HighPerformanceCompute,HBv4,176,768,4,Intel
Standard_HB176-96rs_v4,Standard,HB176-96rs_v4,HighPerformanceCompute,HBv4,176,768,4,Intel
Standard_HB176rs_v4,Standard,HB176rs_v4,HighPerformanceCompute,HBv4,176,768,4,Intel
Standard_HX176-144rs,Standard,HX176-144rs,HighPerformanceCompute,HX,176,1408,1,Intel
Standard_HX176-24rs,Standard,HX176-24rs,HighPerformanceCompute,HX,176,1408,1,Intel
Standard_HX176-48rs,Standard,HX176-48rs,HighPerformanceCompute,HX,176,1408,1,Intel
Standard_HX176-96rs,Standard,HX176-96rs,HighPerformanceCompute,HX,176,1408,1,Intel
Standard_HX176rs,Standard,HX176rs,HighPerformanceCompute,HX,176,1408,1,Intel
Standard_M176-88bds_4_v3,Standard,M176-88bds_4_v3,MemoryOptimized,MBDSv3,176,3892,3,Intel
Standard_M176-88bds_v3,Standard,M176-88bds_v3,MemoryOptimized,MBDSv3,176,1536,3,Intel
Standard_M176-88bs_v3,Standard,M176-88bs_v3,MemoryOptimized,MBSv3,176,1536,3,Intel
Standard_M176bds_4_v3,Standard,M176bds_4_v3,MemoryOptimized,MBDSv3,176,3892,3,Intel
Standard_M176bds_v3,Standard,M176bds_v3,MemoryOptimized,MBDSv3,176,1536,3,Intel
Standard_M176bs_v3,Standard,M176bs_v3,MemoryOptimized,MBSv3,176,1536,3,Intel
Standard_M176ds_3_v3,Standard,M176ds_3_v3,MemoryOptimized,MDSv3,176,2794,3,Intel
Standard_M176ds_4_v3,Standard,M176ds_4_v3,MemoryOptimized,MDSv3,176,3892,3,Intel
Standard_M176s_3_v3,Standard,M176s_3_v3,MemoryOptimized,MSv3,176,2794,3,Intel
Standard_M176s_4_v3,Standard,M176s_4_v3,MemoryOptimized,MSv3,176,3892,3,Intel
Standard_D192ds_v6,Standard,D192ds_v6,GeneralPurpose,Ddsv6,192,768,6,Intel
Standard_D192ds_v7,Standard,D192ds_v7,GeneralPurpose,Ddsv7,192,768,7,Intel
Standard_D192lds_v7,Standard,D192lds_v7,GeneralPurpose,Dldsv7,192,384,7,Intel
Standard_D192ls_v7,Standard,D192ls_v7,GeneralPurpose,Dlsv7,192,384,7,Intel
Standard_D192s_v6,Standard,D192s_v6,GeneralPurpose,Dsv6,192,768,6,Intel
Standard_D192s_v7,Standard,D192s_v7,GeneralPurpose,Dsv7,192,768,7,Intel
Standard_E192ds_v7,Standard,E192ds_v7,MemoryOptimized,Edsv7,192,1536,7,Intel
Standard_E192ids_v6,Standard,E192ids_v6,MemoryOptimized,Edsv6,192,1832,6,Intel
Standard_E192is_v6,Standard,E192is_v6,MemoryOptimized,Esv6,192,1832,6,Intel
Standard_E192s_v7,Standard,E192s_v7,MemoryOptimized,Esv7,192,1536,7,Intel
Standard_M192idms_v2,Standard,M192idms_v2,MemoryOptimized,MIDSv2,192,4096,2,Intel
Standard_M192ids_v2,Standard,M192ids_v2,MemoryOptimized,MIDSv2,192,2048,2,Intel
Standard_M192ims_v2,Standard,M192ims_v2,MemoryOptimized,MISv2,192,4096,2,Intel
Standard_M192is_v2,Standard,M192is_v2,MemoryOptimized,MISv2,192,2048,2,Intel
Standard_M208ms_v2,Standard,M208ms_v2,MemoryOptimized,MSv2,208,5700,2,Intel
Standard_M208s_v2,Standard,M208s_v2,MemoryOptimized,MSv2,208,2850,2,Intel
Standard_HB368-144rs_v5,Standard,HB368-144rs_v5,HighPerformanceCompute,HBv5,368,448,5,Intel
Standard_HB368-192rs_v5,Standard,HB368-192rs_v5,HighPerformanceCompute,HBv5,368,448,5,Intel
Standard_HB368-240rs_v5,Standard,HB368-240rs_v5,HighPerformanceCompute,HBv5,368,448,5,Intel
Standard_HB368-288rs_v5,Standard,HB368-288rs_v5,HighPerformanceCompute,HBv5,368,448,5,Intel
Standard_HB368-336rs_v5,Standard,HB368-336rs_v5,HighPerformanceCompute,HBv5,368,448,5,Intel
Standard_HB368-48rs_v5,Standard,HB368-48rs_v5,HighPerformanceCompute,HBv5,368,448,5,Intel
Standard_HB368-96rs_v5,Standard,HB368-96rs_v5,HighPerformanceCompute,HBv5,368,448,5,Intel
Standard_HB368rs_v5,Standard,HB368rs_v5,HighPerformanceCompute,HBv5,368,448,5,Intel
Standard_M416-208ms_v2,Standard,M416-208ms_v2,MemoryOptimized,MSv2,416,11400,2,Intel
Standard_M416-208s_v2,Standard,M416-208s_v2,MemoryOptimized,MSv2,416,5700,2,Intel
Standard_M416bs_v3,Standard,M416bs_v3,MemoryOptimized,MBSv3,416,3800,3,Intel
Standard_M416ds_10_v3,Standard,M416ds_10_v3,MemoryOptimized,MDSHighMemoryv3,416,9496,3,Intel
Standard_M416ds_12_v3,Standard,M416ds_12_v3,MemoryOptimized,MDSHighMemoryv3,416,11400,3,Intel
Standard_M416ds_6_v3,Standard,M416ds_6_v3,MemoryOptimized,MDSHighMemoryv3,416,5696,3,Intel
Standard_M416ds_8_v3,Standard,M416ds_8_v3,MemoryOptimized,MDSHighMemoryv3,416,7600,3,Intel
Standard_M416ds_9_v3,Standard,M416ds_9_v3,MemoryOptimized,MDSHighMemoryv3,416,8568,3,Intel
Standard_M416ms_v2,Standard,M416ms_v2,MemoryOptimized,MSv2,416,11400,2,Intel
Standard_M416s_10_v2,Standard,M416s_10_v2,MemoryOptimized,MSv2,416,9496,2,Intel
Standard_M416s_10_v3,Standard,M416s_10_v3,MemoryOptimized,MSHighMemoryv3,416,9496,3,Intel
Standard_M416s_12_v3,Standard,M416s_12_v3,MemoryOptimized,MSHighMemoryv3,416,11400,3,Intel
Standard_M416s_6_v3,Standard,M416s_6_v3,MemoryOptimized,MSHighMemoryv3,416,5696,3,Intel
Standard_M416s_8_v2,Standard,M416s_8_v2,MemoryOptimized,MSv2,416,7600,2,Intel
Standard_M416s_8_v3,Standard,M416s_8_v3,MemoryOptimized,MSHighMemoryv3,416,7600,3,Intel
Standard_M416s_9_v2,Standard,M416s_9_v2,MemoryOptimized,MSv2,416,8568,2,Intel
Standard_M416s_9_v3,Standard,M416s_9_v3,MemoryOptimized,MSHighMemoryv3,416,8568,3,Intel
Standard_M416s_v2,Standard,M416s_v2,MemoryOptimized,MSv2,416,5700,2,Intel
Standard_M624ds_12_v3,Standard,M624ds_12_v3,MemoryOptimized,MDSHighMemoryv3,624,11400,3,Intel
Standard_M624s_12_v3,Standard,M624s_12_v3,MemoryOptimized,MSHighMemoryv3,624,11400,3,Intel
Standard_M832ds_12_v3,Standard,M832ds_12_v3,MemoryOptimized,MDSHighMemoryv3,832,11400,3,Intel
Standard_M832ids_16_v3,Standard,M832ids_16_v3,MemoryOptimized,MIDSHighMemoryv3,832,15200,3,Intel
Standard_M832is_16_v3,Standard,M832is_16_v3,MemoryOptimized,MISHighMemoryv3,832,15200,3,Intel
Standard_M832s_12_v3,Standard,M832s_12_v3,MemoryOptimized,MSHighMemoryv3,832,11400,3,Intel
